T_Key,label,attribute,sex,x,y,cluster
6,aiko,歌手・ミュージシャン,F,72.5,67.7,今旬
9,相葉雅紀（嵐）,俳優,M,87.6,72.5,今旬
13,蒼井優,俳優,F,71.5,70.9,今旬
17,明石家さんま,お笑いタレント,M,93.3,71.2,今旬
25,浅田真央,著名人,F,86.4,67.5,今旬
28,浅野忠信,俳優,M,62.4,64.9,今旬
31,安住紳一郎,キャスター,M,77.5,76,今旬
37,阿部サダヲ,俳優,M,77.5,73.5,今旬
40,阿部寛,俳優,M,82.1,80.3,今旬
41,天海祐希,俳優,F,79.1,77.7,今旬
43,雨上がり決死隊,お笑いタレント,M,77.2,52.5,大御所＆安定
45,綾瀬はるか,俳優,F,90,84,今旬
47,綾小路きみまろ,お笑いタレント,M,78.5,57.2,大御所＆安定
48,新垣結衣,俳優,F,86.2,85.3,今旬
50,有田哲平（くりぃむしちゅー）,お笑いタレント,M,83.3,71.4,今旬
55,アンタッチャブル,お笑いタレント,M,75,75,今旬
64,生田斗真,俳優,M,73.9,79.1,今旬
65,池脇千鶴,俳優,F,50.1,68.1,注目
72,石田純一,タレント,M,81.5,28.7,大御所＆安定
73,石田ゆり子,俳優,F,74.5,80.5,該当なし
74,石塚英彦（ホンジャマカ）,お笑いタレント,M,78.4,60.7,今旬
75,石橋貴明（とんねるず）,お笑いタレント,M,82.6,54.5,大御所＆安定
78,石原さとみ,俳優,F,89.7,73.7,今旬
84,市川海老蔵,俳優,M,83.1,56.9,
92,イチロー,著名人,M,89.2,69.6,今旬
97,伊藤淳史,俳優,M,57.3,67.8,今旬
102,稲垣吾郎,俳優,M,79.2,64.1,今旬
104,井上真央,俳優,F,72.8,72.9,今旬
107,井ノ原快彦（V６）,俳優,M,82.2,73.5,今旬
111,今田耕司,お笑いタレント,M,83.6,63.6,今旬
119,上田晋也（くりぃむしちゅー）,お笑いタレント,M,85.8,71.4,今旬
120,上田竜也（KAT-TUN）,俳優,M,62.9,62.9,注目
122,上野樹里,俳優,F,70.8,75.7,今旬
125,ウエンツ瑛士,俳優,M,80.7,61.9,今旬
132,内野聖陽,俳優,M,49.1,73.5,注目
133,内村光良（ウッチャンナンチャン）,お笑いタレント,M,86.9,78.1,今旬
135,有働由美子,キャスター,F,64.3,69.3,注目
138,永山瑛太,俳優,M,38.6,77.2,NEXTブレイク
140,江川卓,スポーツ解説者,M,64.6,52.3,大御所＆安定
141,EXILE,歌手・ミュージシャン,M,58.3,56.2,注目
142,江口洋介,俳優,M,77.4,69.1,今旬
152,遠藤憲一,俳優,M,76.1,79.6,
153,遠藤章造（ココリコ）,お笑いタレント,M,79.1,57.4,
157,大泉洋,俳優,M,87,78.6,今旬
162,大下容子,キャスター,F,37.9,72.7,NEXTブレイク
167,太田光（爆笑問題）,お笑いタレント,M,87.4,59,今旬
173,大野智（嵐）,俳優,M,87.5,70.5,今旬
178,岡田准一（V６）,俳優,M,80.5,73.6,今旬
179,緒形直人,俳優,M,52.4,64.9,注目
180,岡村隆史（ナインティナイン）,お笑いタレント,M,90.9,63.1,今旬
185,おぎやはぎ,お笑いタレント,M,80.1,67,今旬
186,奥田瑛二,俳優,M,51.7,57.8,
187,小倉智昭,キャスター,M,68.8,41.7,大御所＆安定
189,小倉弘子,キャスター,F,19,67,NEXTブレイク
191,小栗旬,俳優,M,84.7,75.2,
199,オダギリジョー,俳優,M,70.4,67.6,今旬
200,織田裕二,俳優,M,78.6,62.8,今旬
208,香川照之,俳優,M,82.8,75.9,今旬
209,GACKT,歌手・ミュージシャン,M,83.5,60.9,今旬
210,筧利夫,俳優,M,59.3,59.7,注目
221,勝地涼,俳優,M,60.5,55.6,注目
225,加藤浩次,お笑いタレント,M,82.5,58.4,
230,香取慎吾,俳優,M,89.9,63.3,今旬
238,上川隆也,俳優,M,67.4,71.5,今旬
239,神木隆之介,俳優,M,76.6,78.5,今旬
244,亀梨和也（KAT-TUN）,俳優,M,79.3,67.7,今旬
246,唐沢寿明,俳優,M,79.8,73.2,今旬
247,香里奈,俳優,F,68.5,68,注目
255,関ジャニ∞,歌手・ミュージシャン,M,64.7,73.3,今旬
259,カンニング竹山,お笑いタレント,M,86.5,58.8,大御所＆安定
260,菅野美穂,俳優,F,79.3,73.5,今旬
267,岸部一徳,俳優,M,54.6,67.7,
268,北大路欣也,俳優,M,67.9,70,今旬
270,北島康介,著名人,M,79.8,55.4,今旬
272,北野武（ビートたけし）,お笑いタレント,M,85.9,61.4,今旬
273,北村一輝,俳優,M,67.2,76.6,今旬
276,木梨憲武（とんねるず）,お笑いタレント,M,84,60.4,今旬
282,木村拓哉,俳優,M,92.2,61,該当なし
284,木村祐一,お笑いタレント,M,68.4,53.5,大御所＆安定
285,木村佳乃,俳優,F,77.9,75.7,今旬
293,草彅剛,俳優,M,84.5,64.9,今旬
299,国仲涼子,俳優,F,56.3,70,注目
302,久保田利伸,歌手・ミュージシャン,M,67.8,71.3,今旬
307,倉木麻衣,歌手・ミュージシャン,F,66.6,65.9,注目
310,くりぃむしちゅー,お笑いタレント,M,84.2,75.2,今旬
317,黒木瞳,俳優,F,77.9,58.5,大御所＆安定
322,桑田佳祐（サザンオールスターズ）,歌手・ミュージシャン,M,79.9,69.6,今旬
323,劇団ひとり,お笑いタレント,M,85.5,66.5,今旬
324,ケツメイシ,歌手・ミュージシャン,M,37.2,74.1,NEXTブレイク
327,小池栄子,俳優,F,76.2,75.2,今旬
328,小池徹平,俳優,M,74.4,69.9,今旬
330,小泉孝太郎,俳優,M,79.6,67.4,今旬
337,河本準一（次長課長）,お笑いタレント,M,75.4,49.1,大御所＆安定
340,国分太一（TOKIO）,俳優,M,84.6,66.3,今旬
341,ココリコ,お笑いタレント,M,77.4,62.6,今旬
357,小日向文世,俳優,M,71.8,76.1,今旬
361,小雪,俳優,F,67.2,57.9,大御所＆安定
375,堺雅人,俳優,M,83.4,77.8,今旬
378,坂本昌行（V6）,俳優,M,68,66.8,今旬
379,坂本龍一,歌手・ミュージシャン,M,65.8,63.5,今旬
381,櫻井淳子,俳優,F,33.7,68.2,注目
382,櫻井翔（嵐）,俳優,M,89,71.3,今旬
385,佐々木蔵之介,俳優,M,71.5,74.9,今旬
386,サザンオールスターズ,歌手・ミュージシャン,M,78.6,75.6,今旬
387,さだまさし,歌手・ミュージシャン,M,76.3,59.6,今旬
390,佐藤浩市,俳優,M,73.4,72,今旬
394,佐藤隆太,俳優,M,67.9,70.7,今旬
398,さまぁ～ず,お笑いタレント,M,81.9,72.6,今旬
401,沢村一樹,俳優,M,75.9,77,
402,椎名桔平,俳優,M,67.7,72.9,今旬
403,椎名林檎,歌手・ミュージシャン,F,65.9,68,今旬
404,志田未来,俳優,F,65.7,75.4,今旬
405,次長課長,お笑いタレント,M,70.5,51.9,大御所＆安定
406,品川庄司,お笑いタレント,M,76.2,49.8,大御所＆安定
408,篠原涼子,俳優,F,80.4,74.3,今旬
409,柴咲コウ,俳優,F,77.8,70.1,今旬
412,柴田理恵,タレント,F,82.6,60.4,大御所＆安定
424,城島茂（TOKIO）,俳優,M,87,69.9,今旬
425,笑福亭鶴瓶,お笑いタレント,M,86.6,69.2,今旬
432,陣内智則,お笑いタレント,M,83.5,69.8,今旬
433,辛坊治郎,キャスター,M,46.9,45,該当なし
437,鈴江奈々,キャスター,F,39.2,57.1,注目
441,鈴木京香,俳優,F,69,72.3,今旬
443,鈴木砂羽,俳優,F,53.7,65.7,注目
446,スピードワゴン,お笑いタレント,M,71.3,62.1,今旬
447,スピッツ,歌手・ミュージシャン,M,61.6,81,該当なし
452,関根勤,お笑いタレント,M,81.7,62.2,今旬
456,膳場貴子,キャスター,F,25.3,69.4,NEXTブレイク
461,ダウンタウン,お笑いタレント,M,87.9,72.4,今旬
462,タカアンドトシ,お笑いタレント,M,85.6,72.7,今旬
466,高島彩,キャスター,F,64.4,66.9,注目
469,高橋克典,俳優,M,71.3,71.8,今旬
472,高橋英樹,俳優,M,72.5,60.4,今旬
475,高橋由伸,スポーツ解説者,M,65.6,57.3,注目
476,高畑淳子,俳優,F,69.5,54.7,該当なし
484,竹内まりや,歌手・ミュージシャン,F,66,75.6,今旬
487,武田鉄矢,俳優,M,83.6,52.2,大御所＆安定
491,竹野内豊,俳優,M,71.5,77.2,今旬
496,田中直樹（ココリコ）,お笑いタレント,M,80.5,67,今旬
497,田中将大,現役スポーツ選手,M,77.6,68.1,今旬
502,田中裕二（爆笑問題）,お笑いタレント,M,80.8,66.4,今旬
508,谷原章介,俳優,M,69.7,67.7,今旬
512,玉木宏,俳優,M,73.6,77.3,今旬
513,玉山鉄二,俳優,M,57.2,72.5,注目
516,タモリ,お笑いタレント,M,89.6,74.9,今旬
527,土田晃之,お笑いタレント,M,73.6,62.6,今旬
530,堤真一,俳優,M,72.1,75.9,今旬
531,妻夫木聡,俳優,M,78.4,76,今旬
535,デーブ・スペクター,キャスター,M,78.9,46.9,大御所＆安定
536,出川哲朗,お笑いタレント,M,91.3,72.1,今旬
537,手越祐也（NEWS）,俳優,M,78.4,45.4,大御所＆安定
542,寺島しのぶ,俳優,F,56.7,63.3,注目
545,テリー伊藤,タレント,M,79,40.5,大御所＆安定
548,堂本光一（KinKi Kids）,俳優,M,81.2,70.1,今旬
549,堂本剛（KinKi Kids）,俳優,M,78.8,69.6,今旬
550,TOKIO,歌手・ミュージシャン,M,84,75.3,今旬
551,時任三郎,俳優,M,64.9,71.4,今旬
555,徳光和夫,キャスター,M,79.3,49.3,大御所＆安定
556,所ジョージ,お笑いタレント,M,88.9,71.9,今旬
557,戸田恵梨香,俳優,F,80.9,76.4,今旬
565,友近,お笑いタレント,F,85.1,65.6,今旬
568,DREAMS COME TRUE,歌手・ミュージシャン,F,72.4,72.9,今旬
571,とんねるず,お笑いタレント,M,83.6,57.3,
573,ナインティナイン,お笑いタレント,M,84.5,67.1,
576,中居正広,俳優,M,86.9,71.9,今旬
581,中川翔子,タレント,F,77.5,64.1,大御所＆安定
584,長澤まさみ,俳優,F,84.9,79.6,今旬
586,長嶋茂雄,著名人,M,80.7,60.6,今旬
589,長瀬智也（TOKIO）,俳優,M,87.1,77.9,今旬
593,長塚京三,俳優,M,46.5,66.1,注目
595,長野博（V6）,俳優,M,67.6,64.1,今旬
599,仲間由紀恵,俳優,F,84.9,74.1,今旬
600,中丸雄一（KAT-TUN）,俳優,M,66.8,71.2,今旬
611,中山秀征,タレント,M,71.8,56.1,大御所＆安定
613,中山美穂,俳優,F,64.5,60.5,大御所＆安定
621,生瀬勝久,俳優,M,67.4,74.6,今旬
623,成海璃子,俳優,F,49,64,注目
624,南海キャンディーズ,お笑いタレント,F,85.5,67.9,今旬
625,南原清隆（ウッチャンナンチャン）,お笑いタレント,M,83.5,62.5,今旬
628,錦戸亮,俳優,M,69.9,56.2,大御所＆安定
630,西島秀俊,俳優,M,73.4,78.4,今旬
633,西村まさ彦,俳優,M,49.4,65.9,注目
634,二宮和也（嵐）,俳優,M,89,69.6,今旬
636,ネプチューン,お笑いタレント,M,82.9,70.6,今旬
646,爆笑問題,お笑いタレント,M,85.9,65.7,今旬
647,橋爪功,俳優,M,55.6,68.8,今旬
655,羽鳥慎一,キャスター,M,81.1,67,今旬
657,濱口優（よゐこ）,お笑いタレント,M,81,65.5,今旬
661,浜田雅功（ダウンタウン）,お笑いタレント,M,90.7,69.8,今旬
665,速水もこみち,俳優,M,80.1,63.1,今旬
666,原沙知絵,俳優,F,36.6,65.5,注目
672,B'z,歌手・ミュージシャン,M,71.6,71.8,今旬
673,東野幸治,お笑いタレント,M,81,59.9,今旬
674,東山紀之,俳優,M,79.7,69.1,今旬
676,BEGIN,歌手・ミュージシャン,M,47.8,67.5,注目
683,平井堅,歌手・ミュージシャン,M,81.5,69.6,今旬
685,平岡祐太,俳優,M,32.8,74,NEXTブレイク
694,ヒロミ,お笑いタレント,M,83.6,63.7,
695,深田恭子,俳優,F,85.4,76.3,今旬
699,福澤朗,キャスター,M,62.8,52.4,大御所＆安定
704,福山雅治,歌手・ミュージシャン,M,84.5,68.2,今旬
706,藤井貴彦,キャスター,M,36.3,77.2,NEXTブレイク
707,藤井フミヤ,歌手・ミュージシャン,M,69.4,58.2,今旬
709,藤木直人,俳優,M,69.8,72.9,今旬
712,藤原竜也,俳優,M,78.5,75,今旬
714,船越英一郎,俳優,M,76.2,52.6,大御所＆安定
716,ブラックマヨネーズ,お笑いタレント,M,77.1,68.3,今旬
722,古舘伊知郎,キャスター,M,74.4,50.6,
725,ベッキー,タレント,F,81.7,45.5,該当なし
742,ポルノグラフィティ,歌手・ミュージシャン,M,64.5,70.9,注目
757,松岡修造,タレント,M,87.5,62.3,今旬
758,松岡昌宏（TOKIO）,俳優,M,83.8,72.7,今旬
761,松坂大輔,現役スポーツ選手,M,76.3,58.8,今旬
762,松下由樹,俳優,F,64.5,73.1,今旬
764,松嶋菜々子,俳優,F,80.1,76.5,今旬
767,松田翔太,俳優,M,65.7,77.5,今旬
770,松任谷由実,歌手・ミュージシャン,F,80.5,70.2,今旬
775,松本潤（嵐）,俳優,M,87.2,71.4,今旬
776,松本人志（ダウンタウン）,お笑いタレント,M,90.1,70.7,今旬
778,松山ケンイチ,俳優,M,73.1,66.9,今旬
787,三浦友和,俳優,M,69.9,70.9,今旬
794,MISIA,歌手・ミュージシャン,F,69.1,75.9,注目
796,Mr.Children,歌手・ミュージシャン,M,71.2,73.9,今旬
797,水谷豊,俳優,M,80.7,67,今旬
799,三谷幸喜,著名人,M,69.7,65.6,今旬
801,光浦靖子,お笑いタレント,F,77.7,60.9,今旬
807,三宅健（V6）,俳優,M,69.9,69.6,今旬
809,宮﨑あおい,俳優,F,75.6,65.4,今旬
823,モーニング娘。'21,歌手・ミュージシャン,F,18.5,66.5,
825,本木雅弘,俳優,M,68.5,71.7,今旬
827,森三中,お笑いタレント,F,82.4,61.8,大御所＆安定
828,森田剛（V6）,俳優,M,71.9,62.2,今旬
837,薬師丸ひろ子,俳優,F,73.5,69.9,今旬
838,役所広司,俳優,M,72.9,68.1,今旬
841,矢沢永吉,歌手・ミュージシャン,M,78,54.7,大御所＆安定
843,八嶋智人,俳優,M,68,71,今旬
848,柳沢慎吾,タレント,M,77.4,60.2,今旬
849,柳葉敏郎,俳優,M,75.5,64.6,今旬
850,矢部浩之（ナインティナイン）,お笑いタレント,M,85.1,59.9,今旬
854,山口智子,俳優,F,64.7,75.8,注目
861,山崎まさよし,歌手・ミュージシャン,M,60.5,67.4,注目
862,山下達郎,歌手・ミュージシャン,M,69,72.7,今旬
863,山下智久,俳優,M,78.6,64.9,今旬
866,山田孝之,俳優,M,76,71.8,今旬
877,ユースケ・サンタマリア,俳優,M,77.8,66.2,今旬
878,ゆず,歌手・ミュージシャン,M,78,71.9,今旬
891,米倉涼子,俳優,F,86.1,67.9,今旬
893,L'Arc?en?Ciel,歌手・ミュージシャン,M,52.4,67.4,
898,リリー・フランキー,著名人,M,67.9,65.6,注目
899,梨花,タレント,F,50.1,53,該当なし
905,ロンドンブーツ１号２号,お笑いタレント,M,81.9,65,今旬
908,和久井映見,俳優,F,57,71.9,注目
912,渡辺いっけい,俳優,M,55,67.3,注目
913,渡辺えり,俳優,F,54.8,62.5,注目
915,渡辺謙,俳優,M,75.3,63.8,大御所＆安定
922,渡部篤郎,俳優,M,64.8,68.4,今旬
936,柳楽優弥,俳優,M,58.1,73.7,注目
942,加瀬亮,俳優,M,44.9,72.1,注目
947,KAT-TUN,歌手・ミュージシャン,M,62.3,67.9,今旬
950,KinKi Kids,歌手・ミュージシャン,M,77.1,69.9,今旬
952,V6,歌手・ミュージシャン,M,75.5,71.6,今旬
955,NEWS,歌手・ミュージシャン,M,63.5,65.2,注目
957,勝俣州和,タレント,M,75.3,52.3,大御所＆安定
958,松下奈緒,俳優,F,66.7,70.8,今旬
960,杉本彩,俳優,F,64.4,58.8,注目
962,森泉,タレント,F,72.9,60.5,大御所＆安定
972,郷ひろみ,歌手・ミュージシャン,M,81.5,54.4,大御所＆安定
975,DA PUMP,歌手・ミュージシャン,M,64.6,69.2,今旬
981,ダルビッシュ有,現役スポーツ選手,M,81.9,62.2,今旬
983,ウッチャンナンチャン,お笑いタレント,M,86.9,71,今旬
984,キャイ～ン,お笑いタレント,M,78.3,62.5,今旬
988,ハリセンボン,お笑いタレント,F,84.3,65.6,今旬
991,よゐこ,お笑いタレント,M,79.2,64.5,今旬
994,博多華丸・大吉,お笑いタレント,M,80.9,78.4,今旬
1046,山里亮太（南海キャンディーズ）,お笑いタレント,M,89.2,68.6,今旬
1047,井上聡（次長課長）,お笑いタレント,M,61.5,55.8,注目
1049,大竹一樹（さまぁ～ず）,お笑いタレント,M,79.2,69.3,今旬
1052,田村淳（ロンドンブーツ１号２号）,お笑いタレント,M,83.5,63.2,今旬
1053,田村亮（ロンドンブーツ１号２号）,お笑いタレント,M,77.8,58.8,今旬
1054,三村マサカズ（さまぁ～ず）,お笑いタレント,M,80.1,72.3,今旬
1056,小木博明（おぎやはぎ）,お笑いタレント,M,77.5,60.4,今旬
1058,柴田英嗣（アンタッチャブル）,お笑いタレント,M,69.1,68.4,今旬
1060,中田敦彦（オリエンタルラジオ）,お笑いタレント,M,80.6,53.7,
1062,蛍原徹（雨上がり決死隊）,お笑いタレント,M,77.2,62.2,今旬
1064,矢作兼（おぎやはぎ）,お笑いタレント,M,76.1,64.6,今旬
1065,山崎弘也（アンタッチャブル）,お笑いタレント,M,79.1,74.4,今旬
1078,児嶋一哉（アンジャッシュ）,お笑いタレント,M,83.7,76.9,今旬
1080,小杉竜一（ブラックマヨネーズ）,お笑いタレント,M,76.6,66.7,
1081,吉田敬（ブラックマヨネーズ）,お笑いタレント,M,74.3,60.8,今旬
1082,大沢たかお,俳優,M,65.2,72.7,今旬
1084,ウド鈴木（キャイ～ン）,お笑いタレント,M,82.5,59.6,今旬
1085,大島美幸（森三中）,お笑いタレント,F,77.8,61.8,大御所＆安定
1086,堀内健（ネプチューン）,お笑いタレント,M,82,59.4,今旬
1097,原田泰造（ネプチューン）,お笑いタレント,M,81.5,74.2,今旬
1100,黒沢かずこ（森三中）,お笑いタレント,F,79.5,64.7,大御所＆安定
1102,トシ（タカアンドトシ）,お笑いタレント,M,84.1,72.2,今旬
1125,村上知子（森三中）,お笑いタレント,F,73.3,59.9,大御所＆安定
1134,塚地武雅（ドランクドラゴン）,お笑いタレント,M,73.5,68,今旬
1136,天野ひろゆき（キャイ～ン）,お笑いタレント,M,80.7,61.3,今旬
1142,タカ（タカアンドトシ）,お笑いタレント,M,84.7,71,今旬
1149,有野晋哉（よゐこ）,お笑いタレント,M,72.1,62.3,今旬
1150,名倉潤（ネプチューン）,お笑いタレント,M,81.8,66.3,今旬
1156,鈴木拓（ドランクドラゴン）,お笑いタレント,M,69,49.4,大御所＆安定
1160,須賀健太,俳優,M,37.6,72,注目
1161,田中圭,俳優,M,76.6,72.7,今旬
1164,美山加恋,俳優,F,34,67.6,注目
1165,北川景子,俳優,F,88,80.6,今旬
1176,片桐仁,俳優,M,35.8,74.1,注目
1179,川島明（麒麟）,お笑いタレント,M,70.5,71.9,
1186,YUKI,歌手・ミュージシャン,F,39,70.9,注目
1207,THE ALFEE,歌手・ミュージシャン,M,69,65.2,今旬
1211,皆藤愛子,キャスター,F,56.4,65.3,注目
1215,チュートリアル,お笑いタレント,M,73.4,63.9,今旬
1217,本郷奏多,俳優,M,38.6,73.4,注目
1219,檀れい,俳優,F,59.1,69.8,注目
1225,いきものがかり,歌手・ミュージシャン,F,71.6,72,今旬
1227,桜井和寿（Mr.Children）,歌手・ミュージシャン,M,71.5,75.2,今旬
1229,増田貴久（NEWS）,俳優,M,64.3,69.2,注目
1233,大後寿々花,俳優,F,11.1,73.8,NEXTブレイク
1244,中村俊介,俳優,M,47.1,67,注目
1248,稲葉浩志（B'z）,歌手・ミュージシャン,M,66.5,73.3,今旬
1251,石川遼,現役スポーツ選手,M,73.4,54.8,大御所＆安定
1253,佐藤健,俳優,M,78.2,76.7,今旬
1259,Hey! Say! JUMP,歌手・ミュージシャン,M,55.2,71,
1261,IKKO,タレント,M,84.3,61.8,今旬
1263,バナナマン,お笑いタレント,M,87.2,75.3,今旬
1265,千原兄弟,お笑いタレント,M,79.7,60.1,今旬
1266,宮川大輔,お笑いタレント,M,82.9,67.7,今旬
1269,夏目三久,キャスター,F,57.7,64.3,注目
1291,横山裕（関ジャニ∞）,俳優,M,72.3,68.3,今旬
1292,品川祐（品川庄司）,お笑いタレント,M,70.6,48.5,大御所＆安定
1293,日村勇紀（バナナマン）,お笑いタレント,M,84.9,69.9,今旬
1294,庄司智春（品川庄司）,お笑いタレント,M,76,53.7,大御所＆安定
1295,設楽統（バナナマン）,お笑いタレント,M,81.9,72.7,今旬
1296,山田涼介（Hey!Say!JUMP）,俳優,M,68.2,69.6,今旬
1298,多部未華子,俳優,F,78.4,78.3,今旬
1300,岡田将生,俳優,M,66,80.6,今旬
1301,溝端淳平,俳優,M,61.8,71.8,注目
1302,GReeeeN,歌手・ミュージシャン,M,41.2,82.8,該当なし
1305,江頭2:50,お笑いタレント,M,82.7,54,大御所＆安定
1316,南明奈,タレント,F,65,56.9,大御所＆安定
1318,大森南朋,俳優,M,47.2,73,注目
1322,AKB48,歌手・ミュージシャン,F,51.4,54.7,該当なし
1326,吉高由里子,俳優,F,78.8,73.7,今旬
1328,FUJIWARA,お笑いタレント,M,66.1,58.7,注目
1337,千原ジュニア（千原兄弟）,お笑いタレント,M,85.8,60.9,今旬
1348,RADWIMPS,歌手・ミュージシャン,M,33.3,79.5,NEXTブレイク
1369,向井理,俳優,M,75.5,70.7,今旬
1370,ケンドーコバヤシ,お笑いタレント,M,75.8,63.1,今旬
1372,瀬戸康史,俳優,M,57.4,81.8,注目
1378,いとうあさこ,お笑いタレント,F,85.3,71.4,今旬
1379,サンドウィッチマン,お笑いタレント,M,86.5,84.6,該当なし
1391,上地雄輔,俳優,M,73.7,53.5,大御所＆安定
1393,中田翔,現役スポーツ選手,M,48.1,62.4,注目
1395,白鵬,現役スポーツ選手,M,24.5,53.5,大御所＆安定
1396,ラルフ鈴木,キャスター,M,34.1,49.9,NEXTブレイク
1397,つるの剛士,タレント,M,78.4,54.2,大御所＆安定
1401,中山優馬,俳優,M,38.8,68.9,注目
1402,徳井義実（チュートリアル）,お笑いタレント,M,80.9,57.8,大御所＆安定
1404,福田充徳（チュートリアル）,お笑いタレント,M,71.7,60.7,大御所＆安定
1408,イモトアヤコ,お笑いタレント,F,88.2,69.2,今旬
1409,狩野英孝,お笑いタレント,M,80.5,56.4,大御所＆安定
1411,知念侑李（Hey! Say! JUMP）,俳優,M,51.3,69.5,
1423,DAIGO,歌手・ミュージシャン,M,84.6,70.5,今旬
1424,髙木雄也（Hey! Say! JUMP）,俳優,M,36.5,63.6,
1428,三浦翔平,俳優,M,59.6,75.8,注目
1431,桐谷健太,俳優,M,74.5,72.2,今旬
1437,Perfume,歌手・ミュージシャン,F,73,72.1,今旬
1442,大倉忠義（関ジャニ∞）,俳優,M,63.4,73.6,注目
1446,仲里依紗,俳優,F,67.5,74.7,注目
1450,Superfly,歌手・ミュージシャン,F,58.8,78.5,注目
1452,吉田沙保里,著名人,F,85.6,56.1,大御所＆安定
1458,はるな愛,タレント,F,83.4,50.1,大御所＆安定
1459,中島裕翔（Hey! Say! JUMP）,俳優,M,47.6,75.2,
1464,杏,俳優,F,79.5,74.6,今旬
1470,有吉弘行,お笑いタレント,M,86.7,74.4,今旬
1473,オードリー,お笑いタレント,M,85.8,72,今旬
1483,斉藤和義,歌手・ミュージシャン,M,51,73.1,注目
1501,村上信五（関ジャニ∞）,俳優,M,75.9,66.5,今旬
1502,丸山隆平（関ジャニ∞）,俳優,M,60.4,70.9,注目
1503,安田章大（関ジャニ∞）,俳優,M,56,67,注目
1504,加藤シゲアキ（NEWS）,俳優,M,61.2,58.1,注目
1505,小山慶一郎（NEWS）,俳優,M,67,50.1,大御所＆安定
1506,松重豊,俳優,M,57.2,78.9,該当なし
1509,有岡大貴（Hey! Say! JUMP）,俳優,M,43.4,71.1,
1510,古田新太,俳優,M,65.2,70.3,今旬
1514,ナイツ,お笑いタレント,M,73.5,75.8,
1520,U字工事,お笑いタレント,M,68.6,69.4,今旬
1529,佐々木希,俳優,F,80.2,67.9,今旬
1536,杉浦太陽,俳優,M,68.5,54,大御所＆安定
1539,マツコ・デラックス,タレント,M,93.2,78.6,今旬
1541,玉森裕太（Kis-My-Ft2）,俳優,M,60.4,75.3,今旬
1544,益若つばさ,タレント,F,63.1,49,
1554,IMALU,タレント,F,66.1,51.2,該当なし
1555,桜庭ななみ,俳優,F,36,68.9,注目
1556,JUJU,歌手・ミュージシャン,F,67,71.5,注目
1561,本村健太郎,著名人,M,31.6,52.3,該当なし
1562,八代英輝,著名人,M,29.9,60.5,注目
1564,春日俊彰（オードリー）,お笑いタレント,M,87.5,65,今旬
1565,若林正恭（オードリー）,お笑いタレント,M,87.5,72.2,今旬
1567,加藤清史郎,俳優,M,62.4,69.7,
1572,中田有紀,キャスター,F,22.1,72.4,NEXTブレイク
1574,馬場典子,キャスター,F,41.7,67.8,注目
1575,林遣都,俳優,M,48.5,73.5,注目
1576,菊池雄星,現役スポーツ選手,M,39.9,65.6,注目
1577,倉科カナ,俳優,F,60.5,73.4,注目
1579,ハライチ,お笑いタレント,M,72.2,74.1,今旬
1593,前田敦子,俳優,F,78.5,47.4,大御所＆安定
1596,小嶋陽菜,タレント,F,60.9,63,
1603,北原里英,俳優,F,29.7,61.5,該当なし
1605,柏木由紀(AKB48),歌手・ミュージシャン,F,67.5,52.2,該当なし
1606,松井珠理奈(SKE48),歌手・ミュージシャン,F,50.4,50.7,該当なし
1607,大東駿介,俳優,M,30.8,60.2,NEXTブレイク
1610,石黒賢,俳優,M,62.7,62.5,注目
1613,杉本哲太,俳優,M,51.5,74,注目
1616,濱田龍臣,俳優,M,47.2,72.4,注目
1623,桐谷美玲,俳優,F,75.7,74.2,今旬
1624,坂井真紀,俳優,F,51.3,68.3,注目
1635,舟山久美子（くみっきー）,タレント,F,37.5,51.9,注目
1638,ローラ,タレント,F,85.6,62.3,大御所＆安定
1641,近藤春菜（ハリセンボン）,お笑いタレント,F,84.9,63.8,今旬
1643,東京03,お笑いタレント,M,59,79.2,
1644,箕輪はるか（ハリセンボン）,お笑いタレント,F,82.1,59.5,大御所＆安定
1652,大竹真,キャスター,M,40.3,51,注目
1657,池上彰,著名人,M,84.9,63.2,今旬
1676,松坂桃李,俳優,M,77.5,75.8,今旬
1681,濱田岳,俳優,M,70.9,72.6,今旬
1687,高良健吾,俳優,M,45.2,73.4,注目
1688,八乙女光（Hey! Say! JUMP）,俳優,M,52.3,68.2,
1692,中村七之助,俳優,M,36.8,72.3,NEXTブレイク
1694,金子ノブアキ,俳優,M,36.2,67.6,注目
1697,井浦新（ARATA）,俳優,M,45.6,75.5,注目
1699,三浦貴大,俳優,M,35.4,69.7,NEXTブレイク
1707,菅田将暉,俳優,M,82.6,74.5,今旬
1708,鹿賀丈史,俳優,M,50.4,61.4,注目
1717,芦田愛菜,俳優,F,82.9,73.1,今旬
1719,遠藤久美子,俳優,F,48.5,60.7,
1721,広瀬アリス,俳優,F,81.5,78.7,今旬
1723,武井咲,俳優,F,78.5,65.9,今旬
1724,山下リオ,俳優,F,16.5,76.4,NEXTブレイク
1727,夏菜,俳優,F,59.3,64.3,注目
1728,福原遥,俳優,F,47.5,76.9,注目
1735,羽田美智子,俳優,F,52.6,73.9,注目
1736,賀来千香子,俳優,F,58.2,69.2,注目
1738,川口春奈,俳優,F,72.5,75.3,今旬
1743,トリンドル玲奈,タレント,F,69.3,64.2,大御所＆安定
1757,ジャングルポケット,お笑いタレント,M,62,72.3,注目
1760,ふかわりょう,お笑いタレント,M,76.3,54.8,大御所＆安定
1763,秦基博,歌手・ミュージシャン,M,56.4,70.8,注目
1764,SEKAI NO OWARI,歌手・ミュージシャン,M,61.5,71.5,
1766,miwa,歌手・ミュージシャン,F,49,56.8,注目
1768,SKE48,歌手・ミュージシャン,F,22.5,63.6,該当なし
1776,アンジュルム,歌手・ミュージシャン,F,9.9,73.4,NEXTブレイク
1784,赤江珠緒,キャスター,F,42.9,65.9,注目
1787,長友佑都,現役スポーツ選手,M,70.2,62.6,今旬
1792,坂本勇人,現役スポーツ選手,M,52.6,67.7,注目
1799,錦織圭,現役スポーツ選手,M,82.2,64.7,今旬
1800,赤星憲広,スポーツ解説者,M,30.2,65.4,NEXTブレイク
1838,東貴博（TAKE２）,お笑いタレント,M,62.1,51.7,該当なし
1839,中村光宏,キャスター,M,18.2,62.5,該当なし
1841,伊藤利尋,キャスター,M,33.8,64.5,該当なし
1842,高畑充希,俳優,F,78.3,72.4,今旬
1843,軽部真一,キャスター,M,62.7,54.5,注目
1849,ミッツ・マングローブ,タレント,M,82.5,57.3,今旬
1852,柄本佑,俳優,M,59.5,72.2,
1853,Kis-My-Ft2,歌手・ミュージシャン,M,53.6,76.6,注目
1857,生野陽子,キャスター,F,41.6,66.4,注目
1858,大江麻理子,キャスター,F,39.9,80.6,該当なし
1859,加藤綾子,キャスター,F,64.7,62.9,注目
1860,堂真理子,キャスター,F,24.7,68.4,NEXTブレイク
1862,髙橋大輔,著名人,M,73,67.2,今旬
1867,EXILE ATSUSHI,歌手・ミュージシャン,M,65.9,62.3,注目
1873,EXILE TAKAHIRO,歌手・ミュージシャン,M,59.7,57.4,注目
1874,EXILE MAKIDAI,歌手・ミュージシャン,M,50.7,54.8,注目
1877,杉山愛,著名人,F,60.2,64.4,注目
1879,斎藤工,俳優,M,74.9,75.1,今旬
1880,長谷川博己,俳優,M,63.5,74.4,今旬
1881,綾野剛,俳優,M,80.2,76.3,今旬
1882,ユージ,タレント,M,52.5,49.2,注目
1883,鈴木保奈美,俳優,F,65.9,63.4,注目
1890,指原莉乃,タレント,F,84.9,64.8,今旬
1903,NMB48,歌手・ミュージシャン,F,20.1,69.2,NEXTブレイク
1904,ももいろクローバーZ,歌手・ミュージシャン,F,63.5,64.7,注目
1908,松井玲奈,俳優,F,52,63.5,注目
1909,桝太一,キャスター,M,71.5,71.3,今旬
1911,大木優紀,キャスター,F,12.6,77,NEXTブレイク
1916,村上佳菜子,現役スポーツ選手,F,61.8,62.2,今旬
1919,橋本愛,俳優,F,48.7,69,注目
1920,池松壮亮,俳優,M,37.6,72.2,NEXTブレイク
1921,賀来賢人,俳優,M,74.4,80.8,今旬
1922,窪田正孝,俳優,M,69.5,75.4,今旬
1923,永山絢斗,俳優,M,37.2,75.1,注目
1925,中島健人（Sexy Zone）,俳優,M,62.3,77.1,注目
1928,福士蒼汰,俳優,M,74.1,74.8,今旬
1934,小島瑠璃子,タレント,F,74,52.8,大御所＆安定
1943,椿鬼奴,お笑いタレント,F,79.7,62.6,大御所＆安定
1944,平成ノブシコブシ,お笑いタレント,M,69.3,69.7,今旬
1945,フットボールアワー,お笑いタレント,M,71.8,67.2,今旬
1947,又吉直樹（ピース）,お笑いタレント,M,82.8,67.1,今旬
1948,岩尾望（フットボールアワー）,お笑いタレント,M,71.7,58,大御所＆安定
1949,後藤輝基（フットボールアワー）,お笑いタレント,M,77.5,67.7,今旬
1954,平石直之,キャスター,M,8,79.5,NEXTブレイク
1955,松尾由美子,キャスター,F,14.5,75,NEXTブレイク
1956,小川彩佳,キャスター,F,37.2,62.3,該当なし
1957,八木早希,キャスター,F,6.6,75.3,NEXTブレイク
1967,荒川良々,俳優,M,41.7,69.3,注目
1969,藤ヶ谷太輔（Kis-My-Ft2）,俳優,M,60.9,68.2,注目
1971,鈴木亮平,俳優,M,66.5,74.7,該当なし
1972,具志堅用高,タレント,M,85.6,55.3,今旬
1973,剛力彩芽,俳優,F,82.6,45.3,該当なし
1975,有村架純,俳優,F,86.2,77.4,今旬
1978,バカリズム,お笑いタレント,M,81.5,74.7,今旬
1981,EXILE AKIRA,歌手・ミュージシャン,M,51.5,58,注目
1985,山本彩,歌手・ミュージシャン,F,57.4,67.4,注目
1986,武田真一,キャスター,M,41.3,69.8,注目
1987,小野文惠,キャスター,F,19.5,66.5,NEXTブレイク
1989,石川佳純,現役スポーツ選手,F,67.1,71.1,今旬
1993,横尾渉（Kis-My-Ft2）,俳優,M,44.8,62.7,注目
1994,宮田俊哉（Kis-My-Ft2）,俳優,M,48.3,67,注目
1995,古川雄輝,俳優,M,20.8,73.8,NEXTブレイク
1997,千賀健永（Kis-My-Ft2）,俳優,M,48.8,66.9,注目
1998,千葉雄大,俳優,M,65.2,79.6,今旬
2000,北山宏光（Kis-My-Ft2）,俳優,M,54.3,70.2,注目
2001,満島真之介,俳優,M,46.9,71.5,注目
2002,杉村太蔵,タレント,M,70.7,44.1,大御所＆安定
2010,マキタスポーツ,お笑いタレント,M,45.1,62.5,注目
2014,西島隆弘（Nissy）,歌手・ミュージシャン,M,40.8,65.3,注目
2016,横山由依(AKB48),歌手・ミュージシャン,F,46.6,58.3,注目
2019,水卜麻美,キャスター,F,79.6,77.5,今旬
2023,尾木直樹,著名人,M,57,55.5,大御所＆安定
2025,青柳翔,俳優,M,17,70.6,NEXTブレイク
2028,佐藤二朗,俳優,M,66.7,72.6,今旬
2029,二階堂高嗣（Kis-My-Ft2）,俳優,M,44.5,70.8,注目
2031,二階堂ふみ,俳優,F,74.2,71.4,今旬
2038,渡辺大知（黒猫チェルシー）,俳優,M,9,78.8,NEXTブレイク
2040,宇賀なつみ,キャスター,F,34.1,70.9,注目
2044,茂木健一郎,著名人,M,54.3,51.9,注目
2046,きゃりーぱみゅぱみゅ,歌手・ミュージシャン,F,82.8,56.5,大御所＆安定
2049,織田信成,著名人,M,71,57.6,大御所＆安定
2053,渡部豪太,俳優,M,23.3,61.3,NEXTブレイク
2054,Sexy Zone,歌手・ミュージシャン,M,49.7,77.5,該当なし
2055,本田望結,俳優,F,71.8,64.7,注目
2060,染谷将太,俳優,M,51.5,72,注目
2063,渡辺直美,お笑いタレント,F,88.3,72.8,今旬
2065,田中みな実,キャスター,F,81.8,66.1,今旬
2068,大熊英司,キャスター,M,16.1,76.8,NEXTブレイク
2069,杉咲花,俳優,F,66.3,75.3,注目
2072,徳島えりか,キャスター,F,42.3,74,注目
2073,菜々緒,俳優,F,78.5,74.4,今旬
2076,本田翼,俳優,F,79.1,71.7,今旬
2078,佐藤勝利（Sexy Zone）,歌手・ミュージシャン,M,49.8,79.7,注目
2080,木村文乃,俳優,F,66.5,76.3,今旬
2083,島崎遥香,俳優,F,55.5,60.9,注目
2084,兒玉遥,俳優,F,16.4,57.8,該当なし
2088,菊池風磨（Sexy Zone）,歌手・ミュージシャン,M,50,74,注目
2089,HKT48,歌手・ミュージシャン,F,21.5,60.6,該当なし
2090,小籔千豊,お笑いタレント,M,72.7,57.6,大御所＆安定
2092,竹内由恵,キャスター,F,37.5,63.8,該当なし
2093,藤本敏史（FUJIWARA）,お笑いタレント,M,72.3,54.7,大御所＆安定
2095,羽生結弦,現役スポーツ選手,M,86.6,71.2,今旬
2097,松島聡（Sexy Zone）,歌手・ミュージシャン,M,34.9,79.7,NEXTブレイク
2098,中川大志,俳優,M,54.6,79,注目
2101,山本舞香,俳優,F,40.3,60.3,該当なし
2104,百田夏菜子（ももいろクローバーZ）,歌手・ミュージシャン,F,58.9,66.4,注目
2105,乃木坂４６,歌手・ミュージシャン,F,37.5,74.8,注目
2106,マリウス葉（Sexy Zone）,歌手・ミュージシャン,M,48.6,72.5,注目
2111,土屋太鳳,俳優,F,82.8,63.6,今旬
2113,北村有起哉,俳優,M,25.5,73.3,NEXTブレイク
2117,杉野真実,キャスター,F,12.9,76.8,NEXTブレイク
2118,久野静香,キャスター,F,12.5,78.1,NEXTブレイク
2125,河北麻友子,タレント,F,70,63.9,注目
2127,玉井詩織（ももいろクローバーZ）,歌手・ミュージシャン,F,42.4,65.5,注目
2128,高城れに（ももいろクローバーZ）,歌手・ミュージシャン,F,41.9,61.8,該当なし
2131,佐々木彩夏（ももいろクローバーZ）,歌手・ミュージシャン,F,40,68.9,注目
2132,石井杏奈,俳優,F,22.9,69,NEXTブレイク
2133,サカナクション,歌手・ミュージシャン,M,41,74.9,注目
2136,ゴールデンボンバー,歌手・ミュージシャン,M,74.1,69.3,今旬
2138,千鳥,お笑いタレント,M,81,80.5,今旬
2146,工藤静香,歌手・ミュージシャン,F,75.5,41.3,該当なし
2149,風間俊介,俳優,M,74.3,77,今旬
2153,野村周平,俳優,M,51.9,61.5,注目
2154,吉沢亮,俳優,M,65.8,81.5,注目
2155,松村北斗（SixTONES),俳優,M,27.7,83.9,
2160,森本慎太郎（SixTONES),俳優,M,30.4,74.6,
2163,上白石萌歌,俳優,F,67.4,70.7,注目
2164,黒島結菜,俳優,F,28.5,74.5,NEXTブレイク
2166,生駒里奈,俳優,F,55.1,64.2,注目
2167,鈴木愛理,歌手・ミュージシャン,F,18.7,78.2,NEXTブレイク
2169,山本美月,俳優,F,63.4,77.9,注目
2170,東出昌大,俳優,M,71.1,34.5,該当なし
2172,工藤綾乃,俳優,F,7.5,68.7,NEXTブレイク
2174,松岡茉優,俳優,F,61.4,69.8,今旬
2175,三吉彩花,俳優,F,33.7,63.6,NEXTブレイク
2178,高月彩良,俳優,F,9.7,76.6,NEXTブレイク
2183,ニッチェ,お笑いタレント,F,64.3,58,注目
2186,安藤サクラ,俳優,F,60.7,72,注目
2189,久保田紗友,俳優,F,12.5,81.9,NEXTブレイク
2197,大久保佳代子（オアシズ）,お笑いタレント,F,82.7,63,今旬
2202,白濱亜嵐（EXILE),俳優,M,42.3,60.4,注目
2203,飯尾和樹（ずん）,お笑いタレント,M,72.2,74.9,今旬
2204,飯豊まりえ,俳優,F,47.7,66.7,注目
2206,優希美青,俳優,F,8.5,77.4,NEXTブレイク
2207,鈴木ちなみ,俳優,F,30.1,65.3,該当なし
2210,宮脇咲良（IZ*ONE/HKT48）,歌手・ミュージシャン,F,31.2,65.3,NEXTブレイク
2214,工藤遥,俳優,F,19.2,69.2,NEXTブレイク
2215,小澤征悦,俳優,M,53.3,65,注目
2216,星野源,歌手・ミュージシャン,M,87.5,71.7,今旬
2217,黒木華,俳優,F,64.5,69.7,注目
2218,小芝風花,俳優,F,47.1,73.9,NEXTブレイク
2220,川栄李奈,俳優,F,68.1,70.4,注目
2226,MAN WITH A MISSION,歌手・ミュージシャン,M,25,72,NEXTブレイク
2227,マギー,タレント,F,48.9,57.4,注目
2228,ONE OK ROCK,歌手・ミュージシャン,M,37.2,77.3,NEXTブレイク
2229,白石麻衣,歌手・ミュージシャン,F,71.5,73.2,
2232,でんぱ組.inc,歌手・ミュージシャン,F,15.7,58.4,該当なし
2234,大友花恋,俳優,F,25.2,73.3,NEXTブレイク
2241,須田亜香里(SKE48),歌手・ミュージシャン,F,47,47.8,該当なし
2246,松井愛莉,俳優,F,27,71.4,NEXTブレイク
2247,真野恵里菜,俳優,F,28.7,74.4,NEXTブレイク
2248,宮﨑香蓮,俳優,F,8,70.5,NEXTブレイク
2249,広瀬すず,俳優,F,85.3,73.2,今旬
2253,パンサー,お笑いタレント,M,63.3,65.9,注目
2255,樽美酒研二（ゴールデンボンバー）,歌手・ミュージシャン,M,63.9,66.9,今旬
2258,ダレノガレ明美,タレント,F,69.5,48,大御所＆安定
2262,高田里穂,俳優,F,6.3,78.3,NEXTブレイク
2264,GENERATIONS from EXILE TRIBE,歌手・ミュージシャン,M,26.5,66.8,NEXTブレイク
2267,SUPER☆GiRLS,歌手・ミュージシャン,F,10.9,71.7,NEXTブレイク
2270,大原櫻子,歌手・ミュージシャン,F,47.5,66,注目
2271,森川葵,俳優,F,35.8,71.3,NEXTブレイク
2273,A.B.C-Z,歌手・ミュージシャン,M,39.9,66.1,
2274,大谷翔平,現役スポーツ選手,M,75.9,75.9,今旬
2279,門脇麦,俳優,F,54.2,67.1,注目
2282,菅野智之,現役スポーツ選手,M,37.4,66.2,注目
2285,back number,歌手・ミュージシャン,M,42,84.6,該当なし
2287,新川優愛,俳優,F,48.9,75.3,注目
2289,波瑠,俳優,F,75.4,72.4,今旬
2291,真飛聖,俳優,F,21.5,78.5,NEXTブレイク
2292,上田まりえ,キャスター,F,25.6,63.8,該当なし
2294,Juice=Juice,歌手・ミュージシャン,F,11.1,71.3,NEXTブレイク
2296,中条あやみ,俳優,F,67.8,75.5,注目
2297,葵わかな,俳優,F,48.4,64.5,注目
2298,井上貴博,キャスター,M,18.9,75,NEXTブレイク
2300,宮澤智,キャスター,F,13.1,74.3,NEXTブレイク
2301,郡司恭子,キャスター,F,19.5,72,NEXTブレイク
2302,長野美郷,キャスター,F,21.5,69.5,NEXTブレイク
2305,山﨑夕貴,キャスター,F,40.5,67.3,
2306,高見侑里,キャスター,F,12,73.5,NEXTブレイク
2307,私立恵比寿中学,歌手・ミュージシャン,F,18.8,60.9,NEXTブレイク
2309,中島芽生,キャスター,F,9.5,82.9,NEXTブレイク
2310,三上真奈,キャスター,F,20.9,67.8,NEXTブレイク
2311,後藤晴菜,キャスター,F,13.6,74.7,NEXTブレイク
2312,佐野岳,俳優,M,33.8,72.6,NEXTブレイク
2313,滝藤賢一,俳優,M,60.2,76.3,注目
2314,中村勘九郎,俳優,M,55.1,65.8,注目
2315,ムロツヨシ,俳優,M,80.5,76.9,今旬
2316,田中哲司,俳優,M,37.7,65.8,注目
2317,中村アン,タレント,F,61.2,71.5,注目
2319,吉田羊,俳優,F,73,73,今旬
2320,足立梨花,俳優,F,52.5,60.2,注目
2322,小島藤子,俳優,F,10.6,76.1,NEXTブレイク
2325,青山美郷,俳優,F,6,78.8,NEXTブレイク
2326,小松菜奈,俳優,F,44.8,73,注目
2327,トレンディエンジェル,お笑いタレント,M,76.3,59,今旬
2428,山﨑賢人,俳優,M,70.5,78.3,今旬
2450,坂上忍,俳優,M,92.5,38.7,大御所＆安定
2472,桜田ひより,俳優,F,18,71.7,NEXTブレイク
2604,中村ゆりか,俳優,F,11.4,78.4,NEXTブレイク
2615,筧美和子,俳優,F,50.1,59.9,注目
2637,ジェシー（SixTONES),俳優,M,42.2,76.1,NEXTブレイク
2659,三代目 J Soul Brothers,歌手・ミュージシャン,M,43.1,65.2,注目
2692,三浦大知,歌手・ミュージシャン,M,67.5,68.5,今旬
2703,松山英樹,現役スポーツ選手,M,37.2,67,注目
2705,工藤阿須加,俳優,M,58.7,75.1,注目
2706,高杉真宙,俳優,M,30.4,79.3,NEXTブレイク
2707,駿河太郎,俳優,M,24.3,70.4,NEXTブレイク
2709,平山浩行,俳優,M,16.5,77.5,NEXTブレイク
2710,栁俊太郎,俳優,M,10,73.6,NEXTブレイク
2711,葉山奨之,俳優,M,17,71.1,NEXTブレイク
2712,和田正人,俳優,M,34.1,69.9,NEXTブレイク
2717,上白石萌音,俳優,F,66.8,66.4,注目
2718,早見あかり,俳優,F,38.4,68.5,注目
2720,武田梨奈,俳優,F,15.6,72.7,NEXTブレイク
2725,玉城ティナ,俳優,F,41.2,64,NEXTブレイク
2726,佐藤美希,俳優,F,6,78.8,NEXTブレイク
2730,中村里砂,タレント,F,16.2,71.3,NEXTブレイク
2738,BABYMETAL,歌手・ミュージシャン,F,28.5,68.4,NEXTブレイク
2739,EXILE NAOTO,歌手・ミュージシャン,M,44.9,65,注目
2741,ジャニーズWEST,歌手・ミュージシャン,M,37,74.9,NEXTブレイク
2742,関口メンディー(GENERATIONS from EXILE TRIBE),歌手・ミュージシャン,M,64.3,61.5,該当なし
2743,橋本環奈,俳優,F,79.3,77.2,今旬
2745,狩野恵里,キャスター,F,15.2,79,NEXTブレイク
2748,松井裕樹,現役スポーツ選手,M,22,71.1,NEXTブレイク
2751,柄本時生,俳優,M,50,71.3,注目
2752,京本大我（SixTONES),俳優,M,42.5,72.4,NEXTブレイク
2755,矢本悠馬,俳優,M,24.5,73.3,NEXTブレイク
2756,竜星涼,俳優,M,25.3,78.4,NEXTブレイク
2759,坂口健太郎,俳優,M,59.6,73.9,今旬
2762,岸井ゆきの,俳優,F,24.7,69.9,
2765,清野菜名,俳優,F,49.5,76.5,注目
2770,岡本夏美,俳優,F,10.5,69,該当なし
2779,岩田剛典（三代目 J Soul Brothers）,歌手・ミュージシャン,M,55,73.2,注目
2782,佐藤大樹（EXILE）,歌手・ミュージシャン,M,16.3,71.5,NEXTブレイク
2787,世界（EXILE）,歌手・ミュージシャン,M,13.1,71.5,NEXTブレイク
2788,岩本乃蒼,キャスター,F,24.9,71.2,NEXTブレイク
2790,畑下由佳,キャスター,F,8.5,78.5,NEXTブレイク
2791,新木優子,俳優,F,50.9,75.7,注目
2792,生田絵梨花（乃木坂46）,歌手・ミュージシャン,F,41.4,72.5,注目
2795,今市隆二（三代目 J Soul Brothers）,歌手・ミュージシャン,M,31.6,62.9,注目
2799,尾上松也,俳優,M,57.5,63.9,注目
2802,澤部佑（ハライチ）,お笑いタレント,M,78,74.2,今旬
2803,シソンヌ,お笑いタレント,M,42.8,79.6,NEXTブレイク
2806,鈴木伸之,俳優,M,35.5,72.4,NEXTブレイク
2807,登坂広臣（三代目 J Soul Brothers）,歌手・ミュージシャン,M,36.6,61.8,注目
2808,成田凌,俳優,M,52.6,74.8,注目
2809,博多大吉（博多華丸・大吉）,お笑いタレント,M,79.5,79.3,今旬
2810,博多華丸（博多華丸・大吉）,お笑いタレント,M,80.4,78.2,今旬
2811,ハマ・オカモト（OKAMOTO's）,歌手・ミュージシャン,M,30.2,63.9,NEXTブレイク
2813,淵上泰史,俳優,M,6.8,70.7,NEXTブレイク
2814,新田真剣佑（真剣佑）,俳優,M,60.7,74.4,今旬
2816,吉田鋼太郎,俳優,M,63.8,73.1,今旬
2817,芳根京子,俳優,F,51.9,73,注目
2818,吉村崇（平成ノブシコブシ）,お笑いタレント,M,75,69.2,今旬
2822,竹内涼真,俳優,M,75,65.2,今旬
2824,清原果耶,俳優,F,36.5,79.3,該当なし
2826,高橋茂雄（サバンナ）,お笑いタレント,M,77.7,67.1,今旬
2827,八木真澄（サバンナ）,お笑いタレント,M,63.8,52.7,大御所＆安定
2831,柳ゆり菜,俳優,F,13.6,72,NEXTブレイク
2832,村上虹郎,俳優,M,26.1,73.2,NEXTブレイク
2837,古畑奈和(SKE48),歌手・ミュージシャン,F,8.6,70.5,NEXTブレイク
2838,橋本マナミ,タレント,F,69.6,58,大御所＆安定
2839,Fukase（SEKAI NO OWARI）,歌手・ミュージシャン,M,48.7,66.4,注目
2840,太川陽介,タレント,M,50.7,52.7,該当なし
2841,浅田舞,タレント,F,75.2,58.2,大御所＆安定
2843,浅香航大,俳優,M,19.6,77.8,NEXTブレイク
2844,西野七瀬,俳優,F,49.6,72.9,注目
2846,高梨沙羅,現役スポーツ選手,F,65.6,66.8,今旬
2849,永島優美,キャスター,F,35,70.9,NEXTブレイク
2850,深川麻衣,俳優,F,16.1,76.8,NEXTブレイク
2854,秋元梢,タレント,F,35,60.5,注目
2856,寺田心,俳優,M,74.5,53.5,大御所＆安定
2857,岩橋玄樹（King & Prince）,俳優,M,31.5,77.2,NEXTブレイク
2859,高橋一生,俳優,M,76.8,72.2,今旬
2860,町田啓太,俳優,M,26.5,78.4,NEXTブレイク
2862,薮宏太（Hey! Say! JUMP）,俳優,M,38,64.1,
2868,山口まゆ,俳優,F,13.7,72.8,NEXTブレイク
2871,伊野尾慧（Hey! Say! JUMP）,俳優,M,60.3,64.3,
2872,白洲迅,俳優,M,16.5,84,NEXTブレイク
2873,笹崎里菜,キャスター,F,24.3,62.2,該当なし
2874,柾木玲弥,俳優,M,7.2,86.1,該当なし
2875,石丸幹二,俳優,M,45.3,68.7,注目
2876,岸優太（King & Prince）,俳優,M,49,82.9,NEXTブレイク
2877,髙橋ひかる,俳優,F,29.7,73.1,NEXTブレイク
2878,駒井蓮,俳優,F,5.8,85.9,NEXTブレイク
2882,吉田明世,キャスター,F,26.4,62.8,NEXTブレイク
2884,唐田えりか,俳優,F,47.4,34.5,該当なし
2885,桜井日奈子,俳優,F,50.9,64.6,注目
2886,藤田ニコル,タレント,F,84.8,61.1,大御所＆安定
2887,浜辺美波,俳優,F,69.7,78.7,該当なし
2888,堀井新太,俳優,M,8.2,81.1,NEXTブレイク
2891,森高千里,歌手・ミュージシャン,F,71.4,63.3,注目
2895,尾崎里紗,キャスター,F,19.6,75.9,NEXTブレイク
2896,志尊淳,俳優,M,62.5,77.2,注目
2898,おかずクラブ,お笑いタレント,F,61.8,62.8,大御所＆安定
2899,古谷有美,キャスター,F,8.3,72.5,NEXTブレイク
2900,加藤諒,俳優,M,63.8,57.3,
2901,ディーン・フジオカ,俳優,M,75.2,68.2,今旬
2902,安田顕,俳優,M,54.7,77.7,該当なし
2906,永野芽郁,俳優,F,63.5,77.3,今旬
2907,武田玲奈,俳優,F,25.5,70.7,NEXTブレイク
2908,佐藤玲,俳優,F,6.4,85.7,NEXTブレイク
2909,朝比奈彩,俳優,F,29.9,71.4,NEXTブレイク
2910,佐藤栞里,タレント,F,65.8,72.9,注目
2913,[ALEXANDROS],歌手・ミュージシャン,M,23.5,80.6,NEXTブレイク
2915,辻岡義堂,キャスター,M,38.5,60.8,該当なし
2917,弘中綾香,キャスター,F,54.3,71.2,注目
2919,BOYS AND MEN,歌手・ミュージシャン,M,13.7,69.5,NEXTブレイク
2920,EXO,歌手・ミュージシャン,M,10.2,72.3,NEXTブレイク
2921,UNISON SQUARE GARDEN,歌手・ミュージシャン,M,7.6,82.1,該当なし
2922,X JAPAN,歌手・ミュージシャン,M,65.1,65.6,今旬
2924,秋元真夏（乃木坂46）,歌手・ミュージシャン,F,32.7,70.3,NEXTブレイク
2930,神山智洋（ジャニーズWEST）,俳優,M,23.3,76.6,NEXTブレイク
2931,河合郁人（A.B.C-Z）,俳優,M,52.3,69.7,NEXTブレイク
2933,桐山照史（ジャニーズWEST）,俳優,M,38.5,71.6,注目
2934,草刈正雄,俳優,M,75.5,72.9,今旬
2935,桑子真帆,キャスター,F,28.1,65,NEXTブレイク
2936,五関晃一（A.B.C-Z）,俳優,M,25.4,59.5,該当なし
2937,小瀧望（ジャニーズWEST）,俳優,M,28.9,78.9,NEXTブレイク
2940,さかなクン,著名人,M,87.2,68.2,今旬
2941,重岡大毅（ジャニーズWEST）,俳優,M,40.5,75.5,注目
2943,鷲見玲奈,キャスター,F,29,62.4,NEXTブレイク
2944,髙橋海人（King &  Prince）,俳優,M,40.7,77.2,NEXTブレイク
2946,立川談春,タレント,M,26.2,64.6,注目
2947,塚田僚一（A.B.C-Z）,俳優,M,51.7,65.4,注目
2948,戸塚祥太（A.B.C-Z）,俳優,M,35.5,71,NEXTブレイク
2949,永瀬廉（King & Prince）,俳優,M,41.4,78.9,NEXTブレイク
2951,中間淳太（ジャニーズWEST）,俳優,M,30.3,72.7,NEXTブレイク
2953,橋本良亮（A.B.C-Z）,俳優,M,28.2,61,該当なし
2955,濵田崇裕（ジャニーズWEST）,俳優,M,26.8,76.9,NEXTブレイク
2957,平野紫耀（King &  Prince）,俳優,M,56.4,81,
2958,藤井流星（ジャニーズWEST）,俳優,M,36.1,72,NEXTブレイク
2959,星野みなみ（乃木坂46）,歌手・ミュージシャン,F,16.3,82.1,NEXTブレイク
2960,水谷果穂,俳優,F,6.8,85.3,NEXTブレイク
2961,宮野真守,歌手・ミュージシャン,M,41.3,68.7,注目
2963,向井地美音(AKB48),歌手・ミュージシャン,F,15.4,70.4,NEXTブレイク
2964,最上もが,タレント,F,35.8,51.5,該当なし
2970,浅利陽介,俳優,M,45.2,71,注目
2971,中村倫也,俳優,M,66.2,78.7,注目
2972,木下ほうか,俳優,M,61.5,57.5,注目
2974,櫻坂46,歌手・ミュージシャン,F,34.5,66.8,
2977,今野杏南,タレント,F,12.2,74.6,NEXTブレイク
2979,萬波ユカ,タレント,F,5,83.6,NEXTブレイク
2981,堀江貴文,著名人,M,75.4,36.2,大御所＆安定
2982,カズレーザー（メイプル超合金）,お笑いタレント,M,83.5,71.8,今旬
2984,山崎育三郎,俳優,M,61.6,74.2,注目
2986,平手友梨奈,歌手・ミュージシャン,F,56.5,62.1,注目
2989,三四郎,お笑いタレント,M,53.1,66.4,注目
2990,星浩,キャスター,M,11.7,69,NEXTブレイク
2991,安藤なつ（メイプル超合金）,お笑いタレント,F,75.7,61.7,大御所＆安定
2992,駒田健吾,キャスター,M,17.1,77.1,NEXTブレイク
2993,林家たい平,著名人,M,53.7,63.5,注目
2995,中村静香,俳優,F,22.2,70.9,NEXTブレイク
2998,春風亭昇太,著名人,M,61.2,64,今旬
2999,メイプル超合金,お笑いタレント,F,73.2,71.1,今旬
3000,岡田結実,タレント,F,63.5,61.1,注目
3001,横澤夏子,お笑いタレント,F,69.5,66.5,大御所＆安定
3002,松島花,タレント,F,13,74.1,NEXTブレイク
3003,八木莉可子,俳優,F,6.2,80.9,NEXTブレイク
3005,松風理咲,俳優,F,5.4,79.7,NEXTブレイク
3006,織田梨沙,俳優,F,6.4,77.1,NEXTブレイク
3009,和楽器バンド,歌手・ミュージシャン,F,18.4,69.8,NEXTブレイク
3016,吉岡里帆,俳優,F,71.8,72.9,今旬
3017,中村隼人,俳優,M,15.5,78.4,NEXTブレイク
3019,齋藤飛鳥（乃木坂46）,歌手・ミュージシャン,F,45.2,70.4,注目
3020,清水尋也,俳優,M,9.6,76.4,該当なし
3021,間宮祥太朗,俳優,M,57.1,79.1,注目
3023,岡副麻希,キャスター,F,36.6,59.1,該当なし
3024,藤井弘輝,キャスター,M,14.5,66.3,NEXTブレイク
3027,阿部華也子,キャスター,F,19.6,75.9,NEXTブレイク
3028,本田真凜,現役スポーツ選手,F,64.9,66.4,注目
3029,戸塚純貴,俳優,M,16.3,79.9,NEXTブレイク
3030,前野朋哉,俳優,M,16.4,63.9,NEXTブレイク
3031,浜野謙太,俳優,M,26.8,70.2,NEXTブレイク
3032,オカリナ（おかずクラブ）,お笑いタレント,F,70.9,61.4,注目
3033,ゆいP（おかずクラブ）,お笑いタレント,F,68.5,58.1,注目
3038,仲野太賀(太賀),俳優,M,37.9,79.9,NEXTブレイク
3039,秋山竜次（ロバート）,お笑いタレント,M,80.5,71.2,今旬
3040,宮司愛海,キャスター,F,12.8,77.3,
3041,ぺえ,タレント,M,37.4,48.7,該当なし
3042,土村芳,俳優,F,9.4,81.6,NEXTブレイク
3043,趣里,俳優,F,34.6,73.2,NEXTブレイク
3045,中村ゆり,俳優,F,18.2,82.5,NEXTブレイク
3048,池田エライザ,俳優,F,47.3,70.2,注目
3049,渡邉理佐（櫻坂46）,歌手・ミュージシャン,F,12.8,86.5,NEXTブレイク
3052,三浦瑠麗,著名人,F,23.7,52.5,NEXTブレイク
3053,NGT48,歌手・ミュージシャン,F,18,52,該当なし
3054,銀シャリ,お笑いタレント,M,51.8,72.6,注目
3055,石川恋,俳優,F,16.9,73.7,NEXTブレイク
3056,滝沢カレン,タレント,F,79.2,69.6,今旬
3057,三田友梨佳,キャスター,F,34.9,75.3,注目
3058,若月佑美,俳優,F,16.4,75,NEXTブレイク
3059,相席スタート,お笑いタレント,F,33.7,69.3,NEXTブレイク
3060,大悟（千鳥）,お笑いタレント,M,76.9,75.8,今旬
3061,川田裕美,キャスター,F,49.4,65.9,注目
3064,矢吹奈子（IZ*ONE/HKT48）,歌手・ミュージシャン,F,13.4,74.8,NEXTブレイク
3065,岡山天音,俳優,M,15.7,79.2,NEXTブレイク
3066,福田典子,キャスター,F,11.4,79.2,NEXTブレイク
3067,佐久間由衣,俳優,F,17.4,68.1,NEXTブレイク
3069,恒松祐里,俳優,F,8,81.8,NEXTブレイク
3070,内田理央,俳優,F,39.7,68.9,注目
3071,井頭愛海,俳優,F,6,83.3,NEXTブレイク
3073,小峠英二（バイきんぐ）,お笑いタレント,M,83.1,73,今旬
3074,浅川梨奈,俳優,F,10.1,75.7,NEXTブレイク
3075,高山一実（乃木坂46）,歌手・ミュージシャン,F,22.8,74.5,NEXTブレイク
3077,ノブ（千鳥）,お笑いタレント,M,81.9,80.4,今旬
3078,佐藤寛太,俳優,M,16,77.8,NEXTブレイク
3079,竹内友佳,キャスター,F,11.6,81.3,NEXTブレイク
3081,渡辺梨加（櫻坂46）,歌手・ミュージシャン,F,10.1,79.3,
3082,小宮浩信（三四郎）,お笑いタレント,M,59.3,63.7,注目
3083,岡田奈々（AKB48/STU48）,歌手・ミュージシャン,F,19.5,60.5,
3084,堀未央奈,俳優,F,17.3,72.6,
3085,大谷亮平,俳優,M,61.8,74.7,今旬
3089,SHISHAMO,歌手・ミュージシャン,F,27.5,71.3,NEXTブレイク
3092,宮沢氷魚,俳優,M,35.5,74.7,NEXTブレイク
3093,真壁刀義,現役スポーツ選手,M,29.5,68.8,NEXTブレイク
3094,井之脇海,俳優,M,13.6,74.7,NEXTブレイク
3095,尼神インター,お笑いタレント,F,63.2,60,注目
3096,井上あさひ,キャスター,F,17.9,75.1,NEXTブレイク
3097,菅井友香（櫻坂46）,歌手・ミュージシャン,F,15.6,80.2,
3098,馬場ふみか,俳優,F,29.1,71.6,NEXTブレイク
3099,藤野涼子,俳優,F,8.7,80.2,NEXTブレイク
3100,桜井ユキ,俳優,F,16.1,72.3,NEXTブレイク
3101,篠原梨菜,キャスター,F,9.2,72.3,NEXTブレイク
3102,立川志らく,著名人,M,62.5,51.6,該当なし
3103,ANZEN漫才,お笑いタレント,M,52.6,64.2,注目
3104,佐野勇斗,俳優,M,23.5,75.6,NEXTブレイク
3107,泉里香,俳優,F,32.7,73.6,該当なし
3109,森永悠希,俳優,M,10.5,78.3,NEXTブレイク
3111,杉浦友紀,キャスター,F,12.5,76.6,NEXTブレイク
3112,北村匠海,俳優,M,64.5,78.5,注目
3113,カミナリ,お笑いタレント,M,57.2,67.9,注目
3114,伊藤美誠,現役スポーツ選手,F,41.1,66.4,注目
3115,松田るか,俳優,F,7.1,73.1,NEXTブレイク
3116,木竜麻生,俳優,F,4.5,75.5,NEXTブレイク
3117,田中道子,俳優,F,16.2,77,NEXTブレイク
3118,近江友里恵,キャスター,F,19.4,77,NEXTブレイク
3119,平野美宇,現役スポーツ選手,F,46.7,73,注目
3120,江藤愛,キャスター,F,21,74.9,NEXTブレイク
3121,久保田直子,キャスター,F,12,78,NEXTブレイク
3123,宇野昌磨,現役スポーツ選手,M,67.2,71.6,今旬
3124,堀田茜,タレント,F,46.1,66.1,注目
3126,池田美優（みちょぱ）,タレント,F,73.2,64.6,注目
3127,TWICE,歌手・ミュージシャン,F,37.2,68.7,NEXTブレイク
3128,WANIMA,歌手・ミュージシャン,M,33.7,67.4,NEXTブレイク
3132,寛一郎,俳優,M,14,70.8,NEXTブレイク
3133,杉野遥亮,俳優,M,28.8,81.1,NEXTブレイク
3134,藤井聡太,著名人,M,78,63.6,今旬
3137,久慈暁子,キャスター,F,14.4,70.9,NEXTブレイク
3138,みやぞん（ANZEN漫才）,お笑いタレント,M,84.3,67,今旬
3139,あらぽん（ANZEN漫才）,お笑いタレント,M,53.3,55.3,注目
3140,Little　Glee　Monster,歌手・ミュージシャン,F,43.3,70.2,注目
3144,超特急,歌手・ミュージシャン,M,17.2,59.8,NEXTブレイク
3145,福本莉子,俳優,F,8.3,78,NEXTブレイク
3146,横山だいすけ,俳優,M,49.1,61.9,注目
3148,アン・シネ,現役スポーツ選手,F,12.5,68.6,NEXTブレイク
3149,黒羽麻璃央,俳優,M,12.8,73.8,NEXTブレイク
3153,井上咲楽,タレント,F,26.7,63.9,該当なし
3154,清原翔,俳優,M,28.5,85.4,NEXTブレイク
3155,ヒカキン,著名人,M,69.3,49.3,大御所＆安定
3156,はじめしゃちょー,著名人,M,49.5,52.2,注目
3157,木下ゆうか,著名人,F,15.5,63.2,NEXTブレイク
3158,ヒカル,著名人,M,24.3,52.1,該当なし
3160,本間日陽（NGT48）,歌手・ミュージシャン,F,7.6,69,NEXTブレイク
3161,与田祐希（乃木坂46）,歌手・ミュージシャン,F,20.2,81.5,NEXTブレイク
3163,柳田将洋,現役スポーツ選手,M,12.7,78.6,NEXTブレイク
3164,椿原慶子,キャスター,F,17.2,73.5,NEXTブレイク
3165,山本里菜,キャスター,F,11.1,85.2,NEXTブレイク
3166,角谷暁子,キャスター,F,6.3,81.2,NEXTブレイク
3168,白井健三,現役スポーツ選手,M,47.9,65.5,注目
3170,かまいたち,お笑いタレント,M,64.6,75.2,注目
3173,海老原優香,キャスター,F,7.3,75,NEXTブレイク
3174,山形純菜,キャスター,F,5.5,80.3,NEXTブレイク
3175,林美桜,キャスター,F,8.5,86.2,NEXTブレイク
3177,キュウソネコカミ,歌手・ミュージシャン,M,7.9,70.1,NEXTブレイク
3179,磯村勇斗,俳優,M,32.5,78.5,NEXTブレイク
3181,山田裕貴,俳優,M,43.5,77.5,NEXTブレイク
3182,古舘佑太郎,俳優,M,18.5,66.2,
3183,上杉柊平,俳優,M,7.3,82.5,NEXTブレイク
3185,後呂有紗,キャスター,F,12.7,72.1,NEXTブレイク
3188,松本穂香,俳優,F,40.5,67.2,NEXTブレイク
3189,堀田真由,俳優,F,24.6,77.5,NEXTブレイク
3190,伊藤沙莉,俳優,F,38.3,82.7,NEXTブレイク
3191,横田真悠,俳優,F,8.7,80.2,NEXTブレイク
3193,佐藤梨那,キャスター,F,8.5,75.3,NEXTブレイク
3194,三谷紬,キャスター,F,6.5,80.6,NEXTブレイク
3196,羽根田卓也,現役スポーツ選手,M,21.3,72.6,NEXTブレイク
3197,飯島寛騎,俳優,M,4.9,81.5,NEXTブレイク
3198,片寄涼太(GENERATIONS from EXILE TRIBE),俳優,M,35.2,61.2,注目
3199,鈴木仁,俳優,M,11.5,80.2,NEXTブレイク
3200,小林由依（櫻坂46）,歌手・ミュージシャン,F,12.5,83.9,
3201,和牛,お笑いタレント,M,57.1,69.7,注目
3202,神宮寺勇太（King & Prince）,俳優,M,38.5,73.3,NEXTブレイク
3203,YOSHIKI（X JAPAN）,歌手・ミュージシャン,M,76.5,65.9,今旬
3204,石橋静河,俳優,F,19.4,70,NEXTブレイク
3208,とろサーモン,お笑いタレント,M,48.4,52.8,注目
3209,King & Prince,歌手・ミュージシャン,M,49.5,80,注目
3211,チョコレートプラネット,お笑いタレント,M,67.4,79.6,今旬
3213,富澤たけし（サンドウィッチマン）,お笑いタレント,M,80.6,82.1,今旬
3215,小栗有以（AKB48）,歌手・ミュージシャン,F,11.2,72.4,NEXTブレイク
3216,STU48,歌手・ミュージシャン,F,9.2,68.3,NEXTブレイク
3217,ラストアイドル,歌手・ミュージシャン,F,10.3,71.7,NEXTブレイク
3218,ミキ,お笑いタレント,M,60.1,71.6,
3220,江口のりこ,俳優,F,52.7,75,NEXTブレイク
3222,レインボー,お笑いタレント,M,17.1,79.8,NEXTブレイク
3223,竹内愛紗,俳優,F,7.5,80.5,NEXTブレイク
3224,越智ゆらの,タレント,F,6.6,72.6,
3228,つばきファクトリー,歌手・ミュージシャン,F,9.4,78.6,NEXTブレイク
3229,BiSH,歌手・ミュージシャン,F,22.6,67.5,NEXTブレイク
3230,白石聖,俳優,F,18.2,77.5,NEXTブレイク
3231,パーパー,お笑いタレント,F,23.5,70.7,NEXTブレイク
3233,ガンバレルーヤ,お笑いタレント,F,68.5,66.3,大御所＆安定
3234,梅沢富美男,俳優,M,81.5,57.5,大御所＆安定
3235,米津玄師,歌手・ミュージシャン,M,74.3,83.1,今旬
3236,林部智史,歌手・ミュージシャン,M,10.1,68.5,NEXTブレイク
3237,守屋茜（櫻坂46）,歌手・ミュージシャン,F,10.1,75.7,
3238,板垣瑞生,俳優,M,10.3,78.8,NEXTブレイク
3239,横浜流星,俳優,M,66.5,77,該当なし
3240,桜田通,俳優,M,14.5,80.6,NEXTブレイク
3241,今田美桜,俳優,F,57.9,81.6,該当なし
3242,瑛茉ジャスミン,タレント,F,12.6,62.6,NEXTブレイク
3243,伊達みきお（サンドウィッチマン）,お笑いタレント,M,84.5,84.8,
3246,山下健二郎,俳優,M,32.2,69.5,注目
3247,永尾亜子,キャスター,F,7.3,78.8,NEXTブレイク
3249,田中美久（HKT48）,歌手・ミュージシャン,F,9.8,85.2,NEXTブレイク
3250,神田伯山,お笑いタレント,M,34.8,66.3,該当なし
3251,梅澤廉,キャスター,M,12.6,77.7,NEXTブレイク
3253,犬飼貴丈,俳優,M,15.9,72,NEXTブレイク
3254,宮野陽名,俳優,F,4.8,81.1,NEXTブレイク
3255,池間夏海,俳優,F,6.8,78.7,NEXTブレイク
3256,奈緒,俳優,F,36.8,76,NEXTブレイク
3257,くっきー！（野性爆弾）,お笑いタレント,M,72.8,52.4,大御所＆安定
3258,鈴木唯,キャスター,F,8.4,82.6,NEXTブレイク
3259,伊藤あさひ,俳優,M,9.8,73.1,
3260,蒔田彩珠,俳優,F,4.3,83,NEXTブレイク
3261,新井恵理那,キャスター,F,28.8,74.8,NEXTブレイク
3262,山本紘之,キャスター,M,7.8,83.7,NEXTブレイク
3263,滝菜月,キャスター,F,20.6,75.3,NEXTブレイク
3264,大原優乃,俳優,F,14.5,76.1,NEXTブレイク
3265,トラウデン直美,タレント,F,27.5,64.9,NEXTブレイク
3266,久間田琳加,俳優,F,13.2,74.5,NEXTブレイク
3267,吉谷彩子,俳優,F,15.1,72.9,NEXTブレイク
3268,城桧吏,俳優,M,7.1,79.5,該当なし
3269,森崎ウィン,俳優,M,29.1,69.7,NEXTブレイク
3270,翔,俳優,M,8.5,76.3,NEXTブレイク
3274,市川染五郎（8代目）,俳優,M,29.4,73.4,注目
3275,毎熊克哉,俳優,M,6.6,87.7,NEXTブレイク
3276,大倉孝二,俳優,M,40.3,75.6,NEXTブレイク
3277,姫野和樹,現役スポーツ選手,M,13.1,81.3,NEXTブレイク
3279,田中史朗,現役スポーツ選手,M,18.6,78.5,NEXTブレイク
3280,福地桃子,俳優,F,22,69,NEXTブレイク
3281,田鍋梨々花,俳優,F,6.7,78.4,NEXTブレイク
3282,emma,タレント,F,11.8,67.7,NEXTブレイク
3284,山田杏奈,俳優,F,14,77.9,NEXTブレイク
3285,箭内夢菜,俳優,F,7,84.4,NEXTブレイク
3286,三遊亭円楽,著名人,M,45.8,69.6,今旬
3287,リーチ・マイケル,現役スポーツ選手,M,54.1,71.8,今旬
3288,堀江翔太,現役スポーツ選手,M,10.6,82.9,NEXTブレイク
3289,柴崎岳,現役スポーツ選手,M,30.3,76.6,NEXTブレイク
3290,大迫勇也,現役スポーツ選手,M,30,75.8,NEXTブレイク
3291,眞島秀和,俳優,M,30.2,79.8,NEXTブレイク
3292,岡田健史,俳優,M,38.5,80.2,NEXTブレイク
3293,大坂なおみ,現役スポーツ選手,F,87.5,63.9,大御所＆安定
3294,弘竜太郎,キャスター,M,5,85.5,NEXTブレイク
3296,山下美月（乃木坂46）,歌手・ミュージシャン,F,25,77.1,NEXTブレイク
3297,岩田絵里奈,キャスター,F,22.5,76.5,NEXTブレイク
3298,森川夕貴,キャスター,F,12.9,79.6,NEXTブレイク
3299,DISH//,歌手・ミュージシャン,M,31.8,78.9,NEXTブレイク
3300,フィッシャーズ,著名人,M,24.1,62.3,NEXTブレイク
3301,水溜りボンド,著名人,M,24.5,60.6,NEXTブレイク
3302,小手伸也,俳優,M,50.8,61,注目
3303,Toshl（X JAPAN）,歌手・ミュージシャン,M,70.5,57.5,
3304,市來玲奈,キャスター,F,30.2,65.1,NEXTブレイク
3305,東海オンエア,著名人,M,15.1,67.5,NEXTブレイク
3306,LiSA,歌手・ミュージシャン,F,64.4,71.9,注目
3307,あいみょん,歌手・ミュージシャン,F,73,76.3,注目
3309,森七菜,俳優,F,63.1,65.9,NEXTブレイク
3310,IZ*ONE,歌手・ミュージシャン,F,14.6,78.3,NEXTブレイク
3311,徳永有美,キャスター,F,28.5,56.4,NEXTブレイク
3312,丸山桂里奈,タレント,F,73.2,49.7,該当なし
3313,大幡しえり,俳優,F,6,75.8,NEXTブレイク
3314,加藤小夏,タレント,F,4.9,79.6,NEXTブレイク
3316,紺野彩夏,俳優,F,6.7,79.7,NEXTブレイク
3317,出口夏希,タレント,F,3.8,78.6,NEXTブレイク
3318,小野莉奈,俳優,F,5.2,86,NEXTブレイク
3319,原田龍二,俳優,M,59.3,61,大御所＆安定
3320,神尾楓珠,俳優,M,24.4,73.1,NEXTブレイク
3321,南沙良,俳優,F,6,81.8,NEXTブレイク
3322,渡邉美穂（日向坂46）,歌手・ミュージシャン,F,11.1,80.3,NEXTブレイク
3324,古川雄大,俳優,M,23.3,78.1,NEXTブレイク
3325,岡崎紗絵,俳優,F,13,72.7,NEXTブレイク
3326,真魚,俳優,F,6.6,68.5,NEXTブレイク
3328,HiHi Jets（ジャニーズJr.）,歌手・ミュージシャン,M,22.6,77.9,NEXTブレイク
3329,小笠原海,俳優,M,5.9,80,NEXTブレイク
3330,梅澤美波（乃木坂46）,歌手・ミュージシャン,F,14.5,79.2,NEXTブレイク
3331,ハナコ,お笑いタレント,M,50,78.2,NEXTブレイク
3332,高嶋ちさ子,著名人,F,78.5,52.5,大御所＆安定
3333,髙地優吾（SixTONES),俳優,M,29.4,76.5,NEXTブレイク
3334,秋田汐梨,俳優,F,4.6,82.4,NEXTブレイク
3335,小嶋花梨（NMB48）,歌手・ミュージシャン,F,7.5,72.3,NEXTブレイク
3336,SUMIRE,俳優,F,17.2,63,NEXTブレイク
3337,佐野玲於（GENERATIONS from EXILE TRIBE）,俳優,M,15.5,70.8,NEXTブレイク
3339,白間美瑠（NMB48）,歌手・ミュージシャン,F,11.4,76.8,NEXTブレイク
3340,霜降り明星,お笑いタレント,M,71.3,68.5,注目
3341,紀平梨花,現役スポーツ選手,F,51.7,75,注目
3342,田中樹（SixTONES),俳優,M,29.6,76.1,NEXTブレイク
3344,Aimer,歌手・ミュージシャン,F,13.5,77.7,NEXTブレイク
3345,吉田美月喜,俳優,F,4.4,81.3,NEXTブレイク
3346,伊原六花,俳優,F,28.9,70.1,NEXTブレイク
3347,茅島みずき,俳優,F,4.5,77.6,NEXTブレイク
3348,萩原利久,俳優,M,9,79.8,該当なし
3349,朝日奈央,タレント,F,60.1,67.5,注目
3351,日向坂46,歌手・ミュージシャン,F,29.9,73.9,NEXTブレイク
3353,小坂菜緒（日向坂46）,歌手・ミュージシャン,F,14.8,78.5,NEXTブレイク
3354,加藤史帆（日向坂46）,歌手・ミュージシャン,F,14,78.6,
3355,西村元貴,俳優,M,4.8,83,該当なし
3356,古川毅,俳優,M,5.9,86.2,
3360,富田望生,俳優,F,33.2,73.4,NEXTブレイク
3361,斎藤ちはる,キャスター,F,18.5,69.5,NEXTブレイク
3362,宇垣美里,キャスター,F,33.5,64.2,注目
3364,福田麻由子,俳優,F,17.5,79.2,NEXTブレイク
3365,Mr.シャチホコ,お笑いタレント,M,50.4,65,注目
3366,りんごちゃん,お笑いタレント,F,72.2,55.8,今旬
3367,八村塁,現役スポーツ選手,M,69.3,70.9,今旬
3368,サニブラウン・アブデル・ハキーム,現役スポーツ選手,M,43,71,注目
3369,桐生祥秀,現役スポーツ選手,M,40.3,70.7,注目
3370,吉田輝星,現役スポーツ選手,M,23.4,74.3,NEXTブレイク
3371,久保建英,現役スポーツ選手,M,36.6,70.7,NEXTブレイク
3373,永島聖羅,俳優,F,9.6,69.8,NEXTブレイク
3374,醍醐虎汰朗,俳優,M,6.5,85.9,NEXTブレイク
3375,藤田富,俳優,M,6.9,59.2,NEXTブレイク
3376,中尾暢樹,俳優,M,10.4,74.6,NEXTブレイク
3377,瀬戸利樹,俳優,M,14.8,76.1,NEXTブレイク
3380,EXIT,お笑いタレント,M,69.7,70.9,注目
3381,宮下草薙,お笑いタレント,M,57.1,66.2,注目
3382,赤楚衛二,俳優,M,9.9,79.8,該当なし
3383,ゆうたろう,俳優,M,35.3,59,該当なし
3384,山田真歩,俳優,F,8.5,80.9,NEXTブレイク
3385,松本まりか,俳優,F,53.4,71.9,NEXTブレイク
3386,王林（りんご娘）,歌手・ミュージシャン,F,47.9,63.6,注目
3387,喜多乃愛,俳優,F,5.2,80.7,NEXTブレイク
3388,ファーストサマーウイカ,タレント,F,64,62.2,
3394,草川拓弥,俳優,M,7.2,77.2,該当なし
3395,渋野日向子,現役スポーツ選手,F,57.4,68.6,注目
3396,眞栄田郷敦,俳優,M,32.1,68.8,NEXTブレイク
3397,遠藤さくら（乃木坂46）,歌手・ミュージシャン,F,13.2,84.1,
3398,齊藤京子（日向坂46）,歌手・ミュージシャン,F,15.3,69.6,NEXTブレイク
3399,佐々木美玲（日向坂46）,歌手・ミュージシャン,F,15.8,70.1,NEXTブレイク
3400,高本彩花（日向坂46）,歌手・ミュージシャン,F,8.9,79.6,NEXTブレイク
3401,田中瞳,キャスター,F,14,80.5,NEXTブレイク
3402,Snow　Man,歌手・ミュージシャン,M,36.6,73,NEXTブレイク
3403,SixTONES,歌手・ミュージシャン,M,38.1,77.3,NEXTブレイク
3404,Official髭男dism,歌手・ミュージシャン,M,51.1,83.5,該当なし
3405,King　Gnu,歌手・ミュージシャン,M,45.7,78.3,NEXTブレイク
3406,フワちゃん,お笑いタレント,F,86.1,52.8,該当なし
3407,四千頭身,お笑いタレント,M,63.8,71.9,
3408,なにわ男子,歌手・ミュージシャン,M,27.5,80.1,NEXTブレイク
3409,Travis Japan,歌手・ミュージシャン,M,20.5,80.4,NEXTブレイク
3410,岩本照（Snow Man）,俳優,M,28.5,66.5,NEXTブレイク
3411,深澤辰哉（Snow Man）,俳優,M,23.6,73.1,NEXTブレイク
3412,渡辺翔太（Snow Man）,俳優,M,23.4,75.1,NEXTブレイク
3413,ラウール（Snow Man）,俳優,M,34.4,68.5,NEXTブレイク
3414,佐久間大介（Snow Man）,俳優,M,27.3,72.3,NEXTブレイク
3415,宮舘涼太（Snow Man）,俳優,M,24.2,66.5,NEXTブレイク
3416,向井康二（Snow Man）,俳優,M,27.5,76.9,NEXTブレイク
3417,目黒蓮（Snow Man）,俳優,M,27.9,77.2,NEXTブレイク
3418,阿部亮平（Snow Man）,俳優,M,28.4,75.6,NEXTブレイク
3419,瀧野由美子（STU48),歌手・ミュージシャン,F,6.8,80,
3420,山内瑞葵（AKB48),歌手・ミュージシャン,F,6.5,87.5,NEXTブレイク
3421,松田里奈（櫻坂46),歌手・ミュージシャン,F,10.4,81.6,
3422,田村保乃（櫻坂46),歌手・ミュージシャン,F,9.1,86,
3423,純烈,歌手・ミュージシャン,M,51.9,58.1,注目
3424,玄理,俳優,F,6.7,68.9,NEXTブレイク
3427,BEYOOOOONDS,歌手・ミュージシャン,F,5.7,84.1,NEXTブレイク
3428,稲垣啓太,現役スポーツ選手,M,35.7,62.1,注目
3429,松島幸太朗,現役スポーツ選手,M,26.5,72.6,NEXTブレイク
3430,荒木飛羽,俳優,M,4.2,78.3,該当なし
3431,かが屋,お笑いタレント,M,26.4,80.7,NEXTブレイク
3432,ティモンディ,お笑いタレント,M,47.8,77.4,NEXTブレイク
3433,ミルクボーイ,お笑いタレント,M,67.3,72.4,該当なし
3434,3時のヒロイン,お笑いタレント,F,61.6,63,注目
3435,梅山恋和（NMB48）,歌手・ミュージシャン,F,6.5,84.5,NEXTブレイク
3436,石田千穂（STU48）,歌手・ミュージシャン,F,5.5,80,NEXTブレイク
3437,賀喜遥香（乃木坂46）,歌手・ミュージシャン,F,9.7,83.2,NEXTブレイク
3438,筒井あやめ（乃木坂46）,歌手・ミュージシャン,F,8.1,79.8,NEXTブレイク
3439,#NAME?,歌手・ミュージシャン,F,5.9,80,NEXTブレイク
3440,齊藤なぎさ（=LOVE）,歌手・ミュージシャン,F,6.3,87,NEXTブレイク
3441,金村美玖（日向坂46）,歌手・ミュージシャン,F,8.5,84,
3442,生見愛瑠（めるる）,タレント,F,51.7,62.7,
3443,木村有希（ゆきぽよ）,タレント,F,64.1,57.7,
3444,井本彩花,俳優,F,6.2,79.4,
3445,近藤千尋,タレント,F,25.3,64,
3446,Cocomi,タレント,F,36.1,53.9,
3447,JO1,歌手・ミュージシャン,M,17.6,66,
3448,山崎嶺緒（ねお）,タレント,F,9.2,59.4,
3449,山之内すず,タレント,F,35.8,57.6,
3450,松丸亮吾,タレント,M,62.6,68.7,
3451,和久田麻由子,キャスター,F,13.7,81.5,
3452,アインシュタイン,お笑いタレント,M,58,65.8,
3453,納言,お笑いタレント,F,31.6,66.1,
3454,まふまふ,歌手・ミュージシャン,M,7.7,82.4,
3455,milet,歌手・ミュージシャン,F,14.6,81.4,
3456,崎山つばさ,俳優,M,5.5,73.3,
3457,松田凌,俳優,M,10.1,76.6,
3458,芋生悠,俳優,F,4.7,84.6,
3459,八木アリサ,俳優,F,7.5,79.3,
3460,山内健司（かまいたち）,お笑いタレント,M,56,73.7,
3461,濱家隆一（かまいたち）,お笑いタレント,M,60.4,75,
3462,汐谷友希,タレント,F,4.1,93.3,
3463,ぺこぱ,お笑いタレント,M,69.8,76.7,
3464,ぼる塾,お笑いタレント,F,46.7,69.3,
3465,道枝駿佑（なにわ男子）,俳優,M,27.7,82,
3466,西畑大吾（なにわ男子）,俳優,M,24.6,75.3,
3467,NiziU,歌手・ミュージシャン,F,48.2,70.8,
3468,渡邊圭祐,俳優,M,10.8,79.8,
3469,鈴鹿央士,俳優,M,7.4,77.8,
3470,嵐莉菜,タレント,F,3.6,92.5,
3471,吉川愛,俳優,F,15.5,82.9,
3472,空気階段,お笑いタレント,M,21.2,76,
3473,松下洸平,俳優,M,32.5,76.8,
3474,貴島明日香,タレント,F,23,77.5,
3475,安斉かれん,歌手・ミュージシャン,F,31.5,50.4,
3476,小宮璃央,俳優,M,6,81.8,
3477,せいや（霜降り明星）,お笑いタレント,M,70.3,64.4,
3478,粗品（霜降り明星）,お笑いタレント,M,71.2,70,
3479,ヴァンゆん,著名人,F,22.6,52.6,
3480,昴生（ミキ）,お笑いタレント,M,61.8,70.1,
3481,亜生(ミキ),お笑いタレント,M,64.5,67.9,
3482,りんたろー。（EXIT),お笑いタレント,M,70.8,67.3,
3483,兼近大樹(EXIT),お笑いタレント,M,65.8,75.7,
3484,西村瑞樹（バイきんぐ）,お笑いタレント,M,53.7,61.3,
3485,花澤香菜,歌手・ミュージシャン,F,18.7,79.1,
3486,小南満佑子,俳優,F,5,87.3,
3487,YOASOBI,歌手・ミュージシャン,F,38.2,83.6,
3488,高橋優斗（HiHi Jets）,俳優,M,23.1,76,
3489,瑛人,歌手・ミュージシャン,M,73.4,58.2,
3490,古川琴音,俳優,F,8.3,79.1,
3491,森田想,俳優,F,3.7,92.7,
3492,坂口涼太郎,俳優,M,17.5,80.7,
3493,藤原大祐,俳優,M,6.9,81.6,
3494,伊沢拓司,著名人,M,58.1,66.4,
3495,岡部大（ハナコ）,お笑いタレント,M,51.5,76.9,
3496,花江夏樹,歌手・ミュージシャン,M,31.9,73.2,
3497,リュウジ,著名人,M,17.5,67.7,
3498,梶裕貴,俳優,M,31.7,65.6,
3499,稲田直樹（アインシュタイン）,お笑いタレント,M,52.5,63.1,
3500,野村彩也子,キャスター,F,11.1,67.2,
3501,渡邊渚,キャスター,F,7.1,76.9,
3502,德田聡一朗,キャスター,M,5.5,80.3,
3503,佐久間みなみ,キャスター,F,6.3,81.2,
3504,藤本万梨乃,キャスター,F,6.2,79.4,
3505,石川みなみ,キャスター,F,6.6,82.2,
3506,忽滑谷こころ,キャスター,F,7.3,71.3,
3507,安藤萌々,キャスター,F,7.1,75.6,
3508,渡辺瑠海,キャスター,F,5.4,76.3,
3509,角田晃広（東京03）,お笑いタレント,M,38,84.4,
3510,莉子,タレント,F,6.8,85.3,
3511,Creepy? Nuts,歌手・ミュージシャン,M,21.2,74.2,
3512,シュウペイ（ぺこぱ）,お笑いタレント,M,70.1,72.4,
3513,松陰寺太勇（ぺこぱ）,お笑いタレント,M,66.7,74.9,
3514,草薙航基（宮下草薙）,お笑いタレント,M,49.6,64.1,
3515,宮世琉弥,俳優,M,5.5,83.6,
3516,西銘駿,俳優,M,5.4,78,
3517,高橋文哉,俳優,M,8.1,85.4,
3518,丸山礼,お笑いタレント,F,26.5,68,
3519,古川優香,タレント,F,12,63.6,
3520,BTS（防弾少年団）,歌手・ミュージシャン,M,29.5,68.6,
3521,若葉竜也,俳優,M,7.9,81.6,
3522,藤井風,歌手・ミュージシャン,M,10.1,82.9,
3523,マヂカルラブリー,お笑いタレント,M,37.5,67.2,
3524,ニューヨーク,お笑いタレント,M,27.7,72.8,
3525,すゑひろがりず,お笑いタレント,M,42.4,75.8,
3526,土佐兄弟,お笑いタレント,M,31.2,70,
3527,ラランド,お笑いタレント,F,25.9,67,
3528,ヨルシカ,歌手・ミュージシャン,F,16.2,83.7,
3529,優里,歌手・ミュージシャン,M,19.9,71.2,
3530,小西桜子,俳優,F,5.1,87.5,
3531,錦鯉,お笑いタレント,M,23.5,73,
3532,瀧内公美,俳優,F,6.1,80.6,
3533,吉住,お笑いタレント,F,29.1,69.1,
3534,Eve,歌手・ミュージシャン,M,7.5,88,
3535,SEVENTEEN,歌手・ミュージシャン,M,11.8,82.3,
3536,森田ひかる(櫻坂46),歌手・ミュージシャン,F,10.4,85.1,
3537,緑黄色社会,歌手・ミュージシャン,F,14,85.1,
3538,坂東龍汰,俳優,M,6.9,80.3,
3539,奥平大兼,俳優,M,4.6,88.2,
3540,一ノ瀬颯,俳優,M,4.5,84,
3541,板垣李光人,俳優,M,9,71.7,
3542,東啓介,俳優,M,6.7,82.4,
3543,笠松将,俳優,M,8.3,76.9,
3544,小野花梨,俳優,F,7.6,76.2,
3545,篠原ゆき子,俳優,F,5.2,80.7,
3546,見取り図,お笑いタレント,M,27.4,79.1,
3547,蛙亭,お笑いタレント,F,12.9,77.5,
3548,ひらめ,歌手・ミュージシャン,F,6.7,78.4,
3549,マカロニえんぴつ,歌手・ミュージシャン,M,12.5,75.2,
3550,藤原丈一郎（なにわ男子）,俳優,M,18.5,82.8,
3551,大橋和也（なにわ男子）,俳優,M,18.5,83.8,
3552,大西流星（なにわ男子）,俳優,M,22.1,77.4,
3553,長尾謙杜（なにわ男子）,俳優,M,18.5,82.4,
3554,高橋恭平（なにわ男子）,俳優,M,16.3,80.4,
3555,内田真礼,歌手・ミュージシャン,F,13.1,76.4,
3556,富樫勇樹,現役スポーツ選手,M,9.9,77.1,
3557,山﨑天(櫻坂46),歌手・ミュージシャン,F,10.5,83.6,
3558,藤吉夏鈴(櫻坂46),歌手・ミュージシャン,F,8.4,79.3,
3559,佐々木久美(日向坂46),歌手・ミュージシャン,F,16.2,69.7,
3560,美 少年,歌手・ミュージシャン,M,20.1,80.5,
3561,景井ひな,タレント,F,9.2,65.3,
3562,なえなの,タレント,F,8.8,66,
3563,Uru,歌手・ミュージシャン,F,20.7,86.4,
3564,生田竜聖,キャスター,M,37.8,67.1,
3565,井上清華,キャスター,F,9.6,82.1,