category,keyword_id,keyword_formal_name,label,description,y,x,date
マーケ,1000001,CRM（顧客関係管理）,CRM,カスタマー・リレーションシップ・マネジメントの略語＝顧客関係管理,4.00,4.13,2018-06-01
マーケ,1000001,CRM（顧客関係管理）,CRM,カスタマー・リレーションシップ・マネジメントの略語＝顧客関係管理,4.15,3.30,2019-02-01
マーケ,1000001,CRM（顧客関係管理）,CRM,カスタマー・リレーションシップ・マネジメントの略語＝顧客関係管理,3.83,3.71,2019-06-01
マーケ,1000001,CRM（顧客関係管理）,CRM,カスタマー・リレーションシップ・マネジメントの略語＝顧客関係管理,3.80,3.50,2020-02-01
マーケ,1000001,CRM（顧客関係管理）,CRM,カスタマー・リレーションシップ・マネジメントの略語＝顧客関係管理,3.91,3.53,2020-06-01
マーケ,1000001,CRM（顧客関係管理）,CRM,カスタマー・リレーションシップ・マネジメントの略語＝顧客関係管理,3.79,3.27,2021-02-01
マーケ,1000001,CRM（顧客関係管理）,CRM,カスタマー・リレーションシップ・マネジメントの略語＝顧客関係管理,4.04,3.46,2021-06-01
マーケ,1000001,CRM（顧客関係管理）,CRM,カスタマー・リレーションシップ・マネジメントの略語＝顧客関係管理,4.12,3.48,2022-02-01
マーケ,1000002,DMP（データ・マネジメント・プラットフォーム）,DMP,自社や外部の様々なデータを一元的に管理するデータ・マネジメント・プラットフォームの略語,2.88,2.63,2018-06-01
マーケ,1000002,DMP（データ・マネジメント・プラットフォーム）,DMP,自社や外部の様々なデータを一元的に管理するデータ・マネジメント・プラットフォームの略語,3.71,2.53,2019-02-01
マーケ,1000002,DMP（データ・マネジメント・プラットフォーム）,DMP,自社や外部の様々なデータを一元的に管理するデータ・マネジメント・プラットフォームの略語,3.36,2.86,2019-06-01
マーケ,1000002,DMP（データ・マネジメント・プラットフォーム）,DMP,自社や外部の様々なデータを一元的に管理するデータ・マネジメント・プラットフォームの略語,3.28,3.08,2020-02-01
マーケ,1000002,DMP（データ・マネジメント・プラットフォーム）,DMP,自社や外部の様々なデータを一元的に管理するデータ・マネジメント・プラットフォームの略語,3.60,2.73,2020-06-01
マーケ,1000002,DMP（データ・マネジメント・プラットフォーム）,DMP,自社や外部の様々なデータを一元的に管理するデータ・マネジメント・プラットフォームの略語,3.68,2.77,2021-02-01
マーケ,1000002,DMP（データ・マネジメント・プラットフォーム）,DMP,自社や外部の様々なデータを一元的に管理するデータ・マネジメント・プラットフォームの略語,3.72,2.85,2021-06-01
マーケ,1000002,DMP（データ・マネジメント・プラットフォーム）,DMP,自社や外部の様々なデータを一元的に管理するデータ・マネジメント・プラットフォームの略語,4.12,3.48,2022-02-01
マーケ,1000003,EC（ネット通販）,EC,エレクトリック・コマース＝電子商取引の略語（ネット通販）,3.75,4.20,2018-06-01
マーケ,1000003,EC（ネット通販）,EC,エレクトリック・コマース＝電子商取引の略語（ネット通販）,4.67,4.10,2019-02-01
マーケ,1000003,EC（ネット通販）,EC,エレクトリック・コマース＝電子商取引の略語（ネット通販）,4.04,4.24,2019-06-01
マーケ,1000003,EC（ネット通販）,EC,エレクトリック・コマース＝電子商取引の略語（ネット通販）,4.20,4.23,2020-02-01
マーケ,1000003,EC（ネット通販）,EC,エレクトリック・コマース＝電子商取引の略語（ネット通販）,4.38,4.32,2020-06-01
マーケ,1000003,EC（ネット通販）,EC,エレクトリック・コマース＝電子商取引の略語（ネット通販）,4.53,4.32,2021-02-01
マーケ,1000003,EC（ネット通販）,EC,エレクトリック・コマース＝電子商取引の略語（ネット通販）,4.38,4.21,2021-06-01
マーケ,1000003,EC（ネット通販）,EC,エレクトリック・コマース＝電子商取引の略語（ネット通販）,4.52,4.20,2022-02-01
マーケ,1000004,マーケティングオートメーション,MA,興味や関心など異なる見込み客に個別に最適なマーケティング施策を実行するためのツールや仕組み。マーケティングオートメーションの略語,3.75,3.25,2018-06-01
マーケ,1000004,マーケティングオートメーション,MA,興味や関心など異なる見込み客に個別に最適なマーケティング施策を実行するためのツールや仕組み。マーケティングオートメーションの略語,3.84,2.59,2019-02-01
マーケ,1000004,マーケティングオートメーション,MA,興味や関心など異なる見込み客に個別に最適なマーケティング施策を実行するためのツールや仕組み。マーケティングオートメーションの略語,3.38,2.81,2019-06-01
マーケ,1000005,NPS（ネット・プロモーター・スコア）,NPS,サービスの推奨意向を尋ねる指標。ネット・プロモーター・スコアの略語,3.00,2.50,2018-06-01
マーケ,1000005,NPS（ネット・プロモーター・スコア）,NPS,サービスの推奨意向を尋ねる指標。ネット・プロモーター・スコアの略語,3.00,2.50,2019-02-01
マーケ,1000005,NPS（ネット・プロモーター・スコア）,NPS,サービスの推奨意向を尋ねる指標。ネット・プロモーター・スコアの略語,3.05,2.35,2019-06-01
マーケ,1000006,アンバサダーマーケティング,アンバサダーマーケ,熱量の高いファンや著名人をアンバサダー（大使、代理人）に起用したマーケティング手法,3.21,2.42,2019-02-01
マーケ,1000007,インフルエンサーマーケティング,インフルエンサーマーケ,SNSのフォロワー数が多いなど影響力の強い人を起用したマーケティング手法,3.78,3.40,2018-06-01
マーケ,1000007,インフルエンサーマーケティング,インフルエンサーマーケ,SNSのフォロワー数が多いなど影響力の強い人を起用したマーケティング手法,3.24,2.71,2019-02-01
マーケ,1000007,インフルエンサーマーケティング,インフルエンサーマーケ,SNSのフォロワー数が多いなど影響力の強い人を起用したマーケティング手法,3.42,2.96,2019-06-01
マーケ,1000007,インフルエンサーマーケティング,インフルエンサーマーケ,SNSのフォロワー数が多いなど影響力の強い人を起用したマーケティング手法,3.23,2.80,2020-02-01
マーケ,1000007,インフルエンサーマーケティング,インフルエンサーマーケ,SNSのフォロワー数が多いなど影響力の強い人を起用したマーケティング手法,3.35,2.85,2020-06-01
マーケ,1000007,インフルエンサーマーケティング,インフルエンサーマーケ,SNSのフォロワー数が多いなど影響力の強い人を起用したマーケティング手法,3.44,2.76,2021-02-01
マーケ,1000007,インフルエンサーマーケティング,インフルエンサーマーケ,SNSのフォロワー数が多いなど影響力の強い人を起用したマーケティング手法,3.17,2.86,2021-06-01
マーケ,1000007,インフルエンサーマーケティング,インフルエンサーマーケ,SNSのフォロワー数が多いなど影響力の強い人を起用したマーケティング手法,3.44,2.65,2022-02-01
マーケ,1000008,OMO・オムニチャネル,OMO,店舗・EC（電子商取引）を含めた消費者との接点となっている全ての販売・物流チャネルを統合すること,2.50,3.13,2018-06-01
マーケ,1000008,OMO・オムニチャネル,OMO,店舗・EC（電子商取引）を含めた消費者との接点となっている全ての販売・物流チャネルを統合すること,4.00,2.75,2019-02-01
マーケ,1000008,OMO・オムニチャネル,OMO,店舗・EC（電子商取引）を含めた消費者との接点となっている全ての販売・物流チャネルを統合すること,3.92,3.17,2019-06-01
マーケ,1000008,OMO・オムニチャネル,OMO,店舗・EC（電子商取引）を含めた消費者との接点となっている全ての販売・物流チャネルを統合すること,3.62,2.69,2020-02-01
マーケ,1000008,OMO・オムニチャネル,OMO,店舗・EC（電子商取引）を含めた消費者との接点となっている全ての販売・物流チャネルを統合すること,3.56,2.71,2020-06-01
マーケ,1000008,OMO・オムニチャネル,OMO,店舗・EC（電子商取引）を含めた消費者との接点となっている全ての販売・物流チャネルを統合すること,3.61,2.81,2021-02-01
マーケ,1000008,OMO・オムニチャネル,OMO,店舗・EC（電子商取引）を含めた消費者との接点となっている全ての販売・物流チャネルを統合すること,3.82,3.21,2021-06-01
マーケ,1000008,OMO・オムニチャネル,OMO,店舗・EC（電子商取引）を含めた消費者との接点となっている全ての販売・物流チャネルを統合すること,3.77,3.00,2022-02-01
マーケ,1000009,クラウドファンディング,クラウドファンディング,プロジェクトやアイデアを達成または実現するために、ネットを使って資金調達をする手法,3.42,2.33,2019-02-01
マーケ,1000009,クラウドファンディング,クラウドファンディング,プロジェクトやアイデアを達成または実現するために、ネットを使って資金調達をする手法,3.36,2.80,2019-06-01
マーケ,1000009,クラウドファンディング,クラウドファンディング,プロジェクトやアイデアを達成または実現するために、ネットを使って資金調達をする手法,3.33,2.73,2020-02-01
マーケ,1000009,クラウドファンディング,クラウドファンディング,プロジェクトやアイデアを達成または実現するために、ネットを使って資金調達をする手法,3.44,2.41,2020-06-01
マーケ,1000009,クラウドファンディング,クラウドファンディング,プロジェクトやアイデアを達成または実現するために、ネットを使って資金調達をする手法,3.74,2.59,2021-02-01
マーケ,1000009,クラウドファンディング,クラウドファンディング,プロジェクトやアイデアを達成または実現するために、ネットを使って資金調達をする手法,3.52,2.62,2021-06-01
マーケ,1000009,クラウドファンディング,クラウドファンディング,プロジェクトやアイデアを達成または実現するために、ネットを使って資金調達をする手法,3.70,2.68,2022-02-01
マーケ,1000010,コミュニティーマーケティング（ユーザー会など）,コミュニティーマーケ,ユーザー会など顧客を組織化したコミュニティーを活用したマーケティングのこと,3.50,2.70,2019-02-01
マーケ,1000011,コンテンツマーケティング,コンテンツマーケ,潜在顧客に価値あるコンテンツを提供することで顧客化を図るマーケティング手法,4.56,3.56,2018-06-01
マーケ,1000011,コンテンツマーケティング,コンテンツマーケ,潜在顧客に価値あるコンテンツを提供することで顧客化を図るマーケティング手法,3.75,3.05,2019-02-01
マーケ,1000011,コンテンツマーケティング,コンテンツマーケ,潜在顧客に価値あるコンテンツを提供することで顧客化を図るマーケティング手法,3.71,3.14,2019-06-01
マーケ,1000011,コンテンツマーケティング,コンテンツマーケ,潜在顧客に価値あるコンテンツを提供することで顧客化を図るマーケティング手法,3.60,2.90,2020-02-01
マーケ,1000011,コンテンツマーケティング,コンテンツマーケ,潜在顧客に価値あるコンテンツを提供することで顧客化を図るマーケティング手法,3.65,3.15,2020-06-01
マーケ,1000011,コンテンツマーケティング,コンテンツマーケ,潜在顧客に価値あるコンテンツを提供することで顧客化を図るマーケティング手法,3.62,2.76,2021-02-01
マーケ,1000011,コンテンツマーケティング,コンテンツマーケ,潜在顧客に価値あるコンテンツを提供することで顧客化を図るマーケティング手法,3.57,2.85,2021-06-01
マーケ,1000011,コンテンツマーケティング,コンテンツマーケ,潜在顧客に価値あるコンテンツを提供することで顧客化を図るマーケティング手法,3.72,3.02,2022-02-01
マーケ,1000012,サブスクリプション型コマース,サブスク,継続購入の契約をするサブスクリクション型コマース,4.44,2.90,2018-06-01
マーケ,1000012,サブスクリプション型コマース,サブスク,継続購入の契約をするサブスクリクション型コマース,4.25,2.86,2019-02-01
マーケ,1000012,サブスクリプション型コマース,サブスク,継続購入の契約をするサブスクリクション型コマース,4.00,2.75,2019-06-01
マーケ,1000012,サブスクリプション型コマース,サブスク,継続購入の契約をするサブスクリクション型コマース,3.70,2.87,2020-02-01
マーケ,1000012,サブスクリプション型コマース,サブスク,継続購入の契約をするサブスクリクション型コマース,3.82,2.85,2020-06-01
マーケ,1000012,サブスクリプション型コマース,サブスク,継続購入の契約をするサブスクリクション型コマース,3.94,2.78,2021-02-01
マーケ,1000012,サブスクリプション型コマース,サブスク,継続購入の契約をするサブスクリクション型コマース,4.07,2.96,2021-06-01
マーケ,1000012,サブスクリプション型コマース,サブスク,継続購入の契約をするサブスクリクション型コマース,3.72,3.02,2022-02-01
マーケ,1000013,ソーシャルメディアマーケティング,ソーシャルメディアマーケ,人間関係で結びつくソーシャルメディアの特性を生かしたマーケティング手法,3.88,3.70,2018-06-01
マーケ,1000013,ソーシャルメディアマーケティング,ソーシャルメディアマーケ,人間関係で結びつくソーシャルメディアの特性を生かしたマーケティング手法,3.81,3.38,2019-02-01
マーケ,1000013,ソーシャルメディアマーケティング,ソーシャルメディアマーケ,人間関係で結びつくソーシャルメディアの特性を生かしたマーケティング手法,3.76,3.44,2019-06-01
マーケ,1000013,ソーシャルメディアマーケティング,ソーシャルメディアマーケ,人間関係で結びつくソーシャルメディアの特性を生かしたマーケティング手法,3.70,3.30,2020-02-01
マーケ,1000013,ソーシャルメディアマーケティング,ソーシャルメディアマーケ,人間関係で結びつくソーシャルメディアの特性を生かしたマーケティング手法,3.65,3.41,2020-06-01
マーケ,1000013,ソーシャルメディアマーケティング,ソーシャルメディアマーケ,人間関係で結びつくソーシャルメディアの特性を生かしたマーケティング手法,3.74,3.26,2021-02-01
マーケ,1000013,ソーシャルメディアマーケティング,ソーシャルメディアマーケ,人間関係で結びつくソーシャルメディアの特性を生かしたマーケティング手法,3.79,3.38,2021-06-01
マーケ,1000013,ソーシャルメディアマーケティング,ソーシャルメディアマーケ,人間関係で結びつくソーシャルメディアの特性を生かしたマーケティング手法,3.95,3.47,2022-02-01
マーケ,1000014,ダイナミックプライシング,ダイナミックプライシング,需給に応じて価格を変動させる手法,3.63,2.75,2018-06-01
マーケ,1000014,ダイナミックプライシング,ダイナミックプライシング,需給に応じて価格を変動させる手法,3.95,2.40,2019-02-01
マーケ,1000014,ダイナミックプライシング,ダイナミックプライシング,需給に応じて価格を変動させる手法,3.83,2.48,2019-06-01
マーケ,1000014,ダイナミックプライシング,ダイナミックプライシング,需給に応じて価格を変動させる手法,3.63,2.37,2020-02-01
マーケ,1000014,ダイナミックプライシング,ダイナミックプライシング,需給に応じて価格を変動させる手法,3.91,2.18,2020-06-01
マーケ,1000014,ダイナミックプライシング,ダイナミックプライシング,需給に応じて価格を変動させる手法,3.76,2.36,2021-02-01
マーケ,1000014,ダイナミックプライシング,ダイナミックプライシング,需給に応じて価格を変動させる手法,3.72,2.34,2021-06-01
マーケ,1000014,ダイナミックプライシング,ダイナミックプライシング,需給に応じて価格を変動させる手法,3.88,2.48,2022-02-01
マーケ,1000015,チャットbot,チャットbot,AIを活用して、人間との対話に自動応対する対話型プログラム,4.00,2.67,2018-06-01
マーケ,1000015,チャットbot,チャットbot,AIを活用して、人間との対話に自動応対する対話型プログラム,3.25,2.45,2019-02-01
マーケ,1000015,チャットbot,チャットbot,AIを活用して、人間との対話に自動応対する対話型プログラム,3.17,2.46,2019-06-01
マーケ,1000015,チャットbot,チャットbot,AIを活用して、人間との対話に自動応対する対話型プログラム,3.23,2.41,2020-02-01
マーケ,1000015,チャットbot,チャットbot,AIを活用して、人間との対話に自動応対する対話型プログラム,3.59,2.56,2020-06-01
マーケ,1000015,チャットbot,チャットbot,AIを活用して、人間との対話に自動応対する対話型プログラム,3.55,2.36,2021-02-01
マーケ,1000015,チャットbot,チャットbot,AIを活用して、人間との対話に自動応対する対話型プログラム,3.38,2.59,2021-06-01
マーケ,1000015,チャットbot,チャットbot,AIを活用して、人間との対話に自動応対する対話型プログラム,3.48,2.61,2022-02-01
マーケ,1000016,デザイン思考,デザイン思考,優秀なデザイナーやクリエイターの思考法を学び、新たな発想につなげる手法,4.63,3.63,2018-06-01
マーケ,1000016,デザイン思考,デザイン思考,優秀なデザイナーやクリエイターの思考法を学び、新たな発想につなげる手法,3.80,2.80,2019-02-01
マーケ,1000016,デザイン思考,デザイン思考,優秀なデザイナーやクリエイターの思考法を学び、新たな発想につなげる手法,3.71,2.92,2019-06-01
マーケ,1000016,デザイン思考,デザイン思考,優秀なデザイナーやクリエイターの思考法を学び、新たな発想につなげる手法,3.40,2.57,2020-02-01
マーケ,1000016,デザイン思考,デザイン思考,優秀なデザイナーやクリエイターの思考法を学び、新たな発想につなげる手法,3.38,2.74,2020-06-01
マーケ,1000016,デザイン思考,デザイン思考,優秀なデザイナーやクリエイターの思考法を学び、新たな発想につなげる手法,3.38,2.47,2021-02-01
マーケ,1000016,デザイン思考,デザイン思考,優秀なデザイナーやクリエイターの思考法を学び、新たな発想につなげる手法,3.38,2.45,2021-06-01
マーケ,1000016,デザイン思考,デザイン思考,優秀なデザイナーやクリエイターの思考法を学び、新たな発想につなげる手法,3.55,2.88,2022-02-01
マーケ,1000017,ネイティブ広告,ネイティブ広告,媒体社が編集する記事の形式などと同様でそれらと一体化しており、ユーザーの情報利用体験を妨げない広告を指す概念,3.25,2.25,2018-06-01
マーケ,1000017,ネイティブ広告,ネイティブ広告,媒体社が編集する記事の形式などと同様でそれらと一体化しており、ユーザーの情報利用体験を妨げない広告を指す概念,2.88,2.56,2019-02-01
マーケ,1000017,ネイティブ広告,ネイティブ広告,媒体社が編集する記事の形式などと同様でそれらと一体化しており、ユーザーの情報利用体験を妨げない広告を指す概念,3.14,2.91,2019-06-01
マーケ,1000017,ネイティブ広告,ネイティブ広告,媒体社が編集する記事の形式などと同様でそれらと一体化しており、ユーザーの情報利用体験を妨げない広告を指す概念,3.14,2.86,2020-02-01
マーケ,1000017,ネイティブ広告,ネイティブ広告,媒体社が編集する記事の形式などと同様でそれらと一体化しており、ユーザーの情報利用体験を妨げない広告を指す概念,3.06,2.58,2020-06-01
マーケ,1000017,ネイティブ広告,ネイティブ広告,媒体社が編集する記事の形式などと同様でそれらと一体化しており、ユーザーの情報利用体験を妨げない広告を指す概念,3.03,2.69,2021-02-01
マーケ,1000017,ネイティブ広告,ネイティブ広告,媒体社が編集する記事の形式などと同様でそれらと一体化しており、ユーザーの情報利用体験を妨げない広告を指す概念,2.97,2.82,2021-06-01
マーケ,1000017,ネイティブ広告,ネイティブ広告,媒体社が編集する記事の形式などと同様でそれらと一体化しており、ユーザーの情報利用体験を妨げない広告を指す概念,3.07,2.88,2022-02-01
マーケ,1000018,パーソナライゼーション,パーソナライゼーション,コンテンツや商品を利用者の趣味・嗜好に合わせてカスタマイズすること,4.33,2.80,2019-02-01
マーケ,1000018,パーソナライゼーション,パーソナライゼーション,コンテンツや商品を利用者の趣味・嗜好に合わせてカスタマイズすること,4.08,2.96,2019-06-01
マーケ,1000018,パーソナライゼーション,パーソナライゼーション,コンテンツや商品を利用者の趣味・嗜好に合わせてカスタマイズすること,4.07,2.87,2020-02-01
マーケ,1000018,パーソナライゼーション,パーソナライゼーション,コンテンツや商品を利用者の趣味・嗜好に合わせてカスタマイズすること,4.09,2.68,2020-06-01
マーケ,1000018,パーソナライゼーション,パーソナライゼーション,コンテンツや商品を利用者の趣味・嗜好に合わせてカスタマイズすること,4.29,2.74,2021-02-01
マーケ,1000018,パーソナライゼーション,パーソナライゼーション,コンテンツや商品を利用者の趣味・嗜好に合わせてカスタマイズすること,4.03,3.03,2021-06-01
マーケ,1000018,パーソナライゼーション,パーソナライゼーション,コンテンツや商品を利用者の趣味・嗜好に合わせてカスタマイズすること,4.05,3.02,2022-02-01
マーケ,1000019,ライブコマース,ライブコマース,店頭などで目の前のお客と軽妙に会話しながら巧みに商品を売り込む「実演販売」のネット版,3.44,2.56,2018-06-01
マーケ,1000019,ライブコマース,ライブコマース,店頭などで目の前のお客と軽妙に会話しながら巧みに商品を売り込む「実演販売」のネット版,3.22,2.11,2019-02-01
マーケ,1000019,ライブコマース,ライブコマース,店頭などで目の前のお客と軽妙に会話しながら巧みに商品を売り込む「実演販売」のネット版,3.00,2.29,2019-06-01
マーケ,1000019,ライブコマース,ライブコマース,店頭などで目の前のお客と軽妙に会話しながら巧みに商品を売り込む「実演販売」のネット版,3.28,2.14,2020-02-01
マーケ,1000019,ライブコマース,ライブコマース,店頭などで目の前のお客と軽妙に会話しながら巧みに商品を売り込む「実演販売」のネット版,3.32,2.15,2020-06-01
マーケ,1000019,ライブコマース,ライブコマース,店頭などで目の前のお客と軽妙に会話しながら巧みに商品を売り込む「実演販売」のネット版,3.39,2.26,2021-02-01
マーケ,1000019,ライブコマース,ライブコマース,店頭などで目の前のお客と軽妙に会話しながら巧みに商品を売り込む「実演販売」のネット版,3.45,2.31,2021-06-01
マーケ,1000019,ライブコマース,ライブコマース,店頭などで目の前のお客と軽妙に会話しながら巧みに商品を売り込む「実演販売」のネット版,3.71,2.55,2022-02-01
マーケ,1000020,動画マーケティング,動画マーケ,動画共有サイトなどを活用したマーケティング,3.95,2.95,2019-02-01
マーケ,1000020,動画マーケティング,動画マーケ,動画共有サイトなどを活用したマーケティング,3.63,2.96,2019-06-01
マーケ,1000020,動画マーケティング,動画マーケ,動画共有サイトなどを活用したマーケティング,3.70,2.67,2020-02-01
マーケ,1000020,動画マーケティング,動画マーケ,動画共有サイトなどを活用したマーケティング,3.74,2.74,2020-06-01
マーケ,1000020,動画マーケティング,動画マーケ,動画共有サイトなどを活用したマーケティング,3.91,2.94,2021-02-01
マーケ,1000020,動画マーケティング,動画マーケ,動画共有サイトなどを活用したマーケティング,3.69,3.00,2021-06-01
マーケ,1000020,動画マーケティング,動画マーケ,動画共有サイトなどを活用したマーケティング,3.95,3.07,2022-02-01
マーケ,1000021,無人店舗,無人店舗,スマートカメラなどを活用することで、顧客が商品を取って自ら決済して購買できるようにした店舗,3.78,2.50,2018-06-01
マーケ,1000021,無人店舗,無人店舗,スマートカメラなどを活用することで、顧客が商品を取って自ら決済して購買できるようにした店舗,4.00,1.95,2019-02-01
マーケ,1000021,無人店舗,無人店舗,スマートカメラなどを活用することで、顧客が商品を取って自ら決済して購買できるようにした店舗,3.71,2.13,2019-06-01
マーケ,1000021,無人店舗,無人店舗,スマートカメラなどを活用することで、顧客が商品を取って自ら決済して購買できるようにした店舗,3.77,2.10,2020-02-01
マーケ,1000021,無人店舗,無人店舗,スマートカメラなどを活用することで、顧客が商品を取って自ら決済して購買できるようにした店舗,3.88,1.94,2020-06-01
マーケ,1000021,無人店舗,無人店舗,スマートカメラなどを活用することで、顧客が商品を取って自ら決済して購買できるようにした店舗,3.74,2.03,2021-02-01
マーケ,1000021,無人店舗,無人店舗,スマートカメラなどを活用することで、顧客が商品を取って自ら決済して購買できるようにした店舗,3.66,2.17,2021-06-01
マーケ,1000021,無人店舗,無人店舗,スマートカメラなどを活用することで、顧客が商品を取って自ら決済して購買できるようにした店舗,3.70,2.34,2022-02-01
マーケ,1000022,D2C（ダイレクト・トゥ・コンシューマー）,D2C,メーカーが消費者とつながり商品開発・販売するダイレクト・トゥ・コンシューマーの略語,3.42,2.46,2019-06-01
マーケ,1000022,D2C（ダイレクト・トゥ・コンシューマー）,D2C,メーカーが消費者とつながり商品開発・販売するダイレクト・トゥ・コンシューマーの略語,4.07,2.60,2020-02-01
マーケ,1000022,D2C（ダイレクト・トゥ・コンシューマー）,D2C,メーカーが消費者とつながり商品開発・販売するダイレクト・トゥ・コンシューマーの略語,4.03,2.74,2020-06-01
マーケ,1000022,D2C（ダイレクト・トゥ・コンシューマー）,D2C,メーカーが消費者とつながり商品開発・販売するダイレクト・トゥ・コンシューマーの略語,4.32,2.62,2021-02-01
マーケ,1000022,D2C（ダイレクト・トゥ・コンシューマー）,D2C,メーカーが消費者とつながり商品開発・販売するダイレクト・トゥ・コンシューマーの略語,4.17,2.97,2021-06-01
マーケ,1000022,D2C（ダイレクト・トゥ・コンシューマー）,D2C,メーカーが消費者とつながり商品開発・販売するダイレクト・トゥ・コンシューマーの略語,4.19,2.81,2022-02-01
マーケ,1000023,DOOH（デジタル・アウト・オブ・ホーム、屋外デジタル広告）,DOOH,デジタル・アウト・オブ・ホームの略語（デジタル屋外広告）,3.20,2.65,2019-06-01
マーケ,1000023,DOOH（デジタル・アウト・オブ・ホーム、屋外デジタル広告）,DOOH,デジタル・アウト・オブ・ホームの略語（デジタル屋外広告）,3.48,2.59,2020-02-01
マーケ,1000023,DOOH（デジタル・アウト・オブ・ホーム、屋外デジタル広告）,DOOH,デジタル・アウト・オブ・ホームの略語（デジタル屋外広告）,3.42,2.63,2020-06-01
マーケ,1000023,DOOH（デジタル・アウト・オブ・ホーム、屋外デジタル広告）,DOOH,デジタル・アウト・オブ・ホームの略語（デジタル屋外広告）,3.32,2.48,2021-02-01
マーケ,1000024,SDGs,SDGs,持続可能な開発目標。国連による人間、地球および繁栄のための行動計画として、17の目標と169のターゲットを定めた,4.17,2.90,2020-02-01
マーケ,1000024,SDGs,SDGs,持続可能な開発目標。国連による人間、地球および繁栄のための行動計画として、17の目標と169のターゲットを定めた,3.88,2.88,2020-06-01
マーケ,1000024,SDGs,SDGs,持続可能な開発目標。国連による人間、地球および繁栄のための行動計画として、17の目標と169のターゲットを定めた,4.18,3.00,2021-02-01
マーケ,1000024,SDGs,SDGs,持続可能な開発目標。国連による人間、地球および繁栄のための行動計画として、17の目標と170のターゲットを定めた,4.03,3.10,2021-06-01
マーケ,1000024,SDGs,SDGs,持続可能な開発目標。国連による人間、地球および繁栄のための行動計画として、17の目標と169のターゲットを定めた,4.12,3.50,2022-02-01
マーケ,1000025,アドベリフィケーション,アドベリフィケーション,DSPなどを通じて配信される広告が、広告主の意図・条件に沿ったサイトや場所に掲載されているかを検証する機能,3.32,2.18,2020-02-01
マーケ,1000025,アドベリフィケーション,アドベリフィケーション,DSPなどを通じて配信される広告が、広告主の意図・条件に沿ったサイトや場所に掲載されているかを検証する機能,3.14,2.48,2020-06-01
マーケ,1000025,アドベリフィケーション,アドベリフィケーション,DSPなどを通じて配信される広告が、広告主の意図・条件に沿ったサイトや場所に掲載されているかを検証する機能,3.27,2.41,2021-02-01
マーケ,1000025,アドベリフィケーション,アドベリフィケーション,DSPなどを通じて配信される広告が、広告主の意図・条件に沿ったサイトや場所に掲載されているかを検証する機能,3.26,2.47,2021-06-01
マーケ,1000026,ジオターゲティング（位置情報マーケティング）,ジオターゲティング,スマホの通信機能やセンサーを活用し、広告の効果検証、あるいは行動属性に基づいた広告配信に役立てる手法,3.58,2.63,2019-06-01
マーケ,1000026,ジオターゲティング（位置情報マーケティング）,ジオターゲティング,スマホの通信機能やセンサーを活用し、広告の効果検証、あるいは行動属性に基づいた広告配信に役立てる手法,3.90,2.67,2020-02-01
マーケ,1000026,ジオターゲティング（位置情報マーケティング）,ジオターゲティング,スマホの通信機能やセンサーを活用し、広告の効果検証、あるいは行動属性に基づいた広告配信に役立てる手法,3.74,2.36,2020-06-01
マーケ,1000026,ジオターゲティング（位置情報マーケティング）,ジオターゲティング,スマホの通信機能やセンサーを活用し、広告の効果検証、あるいは行動属性に基づいた広告配信に役立てる手法,3.69,2.47,2021-02-01
マーケ,1000026,ジオターゲティング（位置情報マーケティング）,ジオターゲティング,スマホの通信機能やセンサーを活用し、広告の効果検証、あるいは行動属性に基づいた広告配信に役立てる手法,3.81,2.79,2021-06-01
マーケ,1000026,ジオターゲティング（位置情報マーケティング）,ジオターゲティング,スマホの通信機能やセンサーを活用し、広告の効果検証、あるいは行動属性に基づいた広告配信に役立てる手法,3.75,2.45,2022-02-01
マーケ,1000027,ファンベース,ファンベース,企業が大切にする価値を支持する「ファン」をベースに中長期的な売り上げや企業価値の向上につなげていく活動,3.86,2.59,2020-02-01
マーケ,1000027,ファンベース,ファンベース,企業が大切にする価値を支持する「ファン」をベースに中長期的な売り上げや企業価値の向上につなげていく活動,3.85,2.74,2020-06-01
マーケ,1000027,ファンベース,ファンベース,企業が大切にする価値を支持する「ファン」をベースに中長期的な売り上げや企業価値の向上につなげていく活動,3.88,2.68,2021-02-01
マーケ,1000027,ファンベース,ファンベース,企業が大切にする価値を支持する「ファン」をベースに中長期的な売り上げや企業価値の向上につなげていく活動,3.83,2.59,2021-06-01
マーケ,1000027,ファンベース,ファンベース,企業が大切にする価値を支持する「ファン」をベースに中長期的な売り上げや企業価値の向上につなげていく活動,3.86,2.82,2022-02-01
マーケ,1000028,情報銀行,情報銀行,個人の関与の下でデータ流通・活用を進める仕組み。日本IT団体連盟による認定制度がある,3.62,2.38,2019-06-01
マーケ,1000028,情報銀行,情報銀行,個人の関与の下でデータ流通・活用を進める仕組み。日本IT団体連盟による認定制度がある,3.24,2.14,2020-02-01
マーケ,1000028,情報銀行,情報銀行,個人の関与の下でデータ流通・活用を進める仕組み。日本IT団体連盟による認定制度がある,3.22,1.94,2020-06-01
マーケ,1000028,情報銀行,情報銀行,個人の関与の下でデータ流通・活用を進める仕組み。日本IT団体連盟による認定制度がある,3.10,1.87,2021-02-01
マーケ,1000029,信用スコア,信用スコア,消費者個人の「信用」を独自のアルゴリズムで測ってスコア化するもの,3.30,2.10,2020-02-01
マーケ,1000029,信用スコア,信用スコア,消費者個人の「信用」を独自のアルゴリズムで測ってスコア化するもの,2.97,1.94,2020-06-01
マーケ,1000029,信用スコア,信用スコア,消費者個人の「信用」を独自のアルゴリズムで測ってスコア化するもの,3.09,1.82,2021-02-01
マーケ,1000030,カスタマーサクセス,カスタマーサクセス,顧客の成功を手助けすることで、サービス継続を促進し収益を高める手法,4.00,2.91,2020-06-01
マーケ,1000030,カスタマーサクセス,カスタマーサクセス,顧客の成功を手助けすることで、サービス継続を促進し収益を高める手法,3.91,2.97,2021-02-01
マーケ,1000030,カスタマーサクセス,カスタマーサクセス,顧客の成功を手助けすることで、サービス継続を促進し収益を高める手法,4.00,2.96,2021-06-01
マーケ,1000030,カスタマーサクセス,カスタマーサクセス,顧客の成功を手助けすることで、サービス継続を促進し収益を高める手法,4.00,3.23,2022-02-01
マーケ,1000031,デジタル接客,デジタル接客,店舗のリソースを使いながら、オンラインを通じて接客する手法,4.19,2.74,2020-06-01
マーケ,1000031,デジタル接客,デジタル接客,店舗のリソースを使いながら、オンラインを通じて接客する手法,3.94,2.42,2021-02-01
マーケ,1000031,デジタル接客,デジタル接客,店舗のリソースを使いながら、オンラインを通じて接客する手法,3.74,2.70,2021-06-01
マーケ,1000031,デジタル接客,デジタル接客,店舗のリソースを使いながら、オンラインを通じて接客する手法,3.93,2.68,2022-02-01
マーケ,1000032,クッキー代替技術,クッキー代替技術,米GoogleがWebブラウザー「Chrome」でサイト閲覧者の行動をトラッキングできるサード・パーティー・クッキーの利用を廃止することに伴う代替技術,4.00,2.27,2021-02-01
マーケ,1000032,クッキー代替技術,クッキー代替技術,米GoogleがWebブラウザー「Chrome」でサイト閲覧者の行動をトラッキングできるサード・パーティー・クッキーの利用を廃止することに伴う代替技術,3.93,2.48,2021-06-01
マーケ,1000032,クッキー代替技術,クッキー代替技術,米GoogleがWebブラウザー「Chrome」でサイト閲覧者の行動をトラッキングできるサード・パーティー・クッキーの利用を廃止することに伴う代替技術,3.90,2.74,2022-02-01
マーケ,1000033,音声SNS,音声SNS,「Clubhouse（クラブハウス）」などの音声ベースのコミュニティーサービス,3.38,2.09,2021-02-01
マーケ,1000033,音声SNS,音声SNS,「Clubhouse（クラブハウス）」などの音声ベースのコミュニティーサービス,2.59,1.79,2021-06-01
マーケ,1000033,音声SNS,音声SNS,「Clubhouse（クラブハウス）」などの音声ベースのコミュニティーサービス,2.95,1.93,2022-02-01
マーケ,1000034,MEO（マップ検索エンジン最適化）,MEO,グーグルマップ上で店舗ページの検索順位を上げる施策,3.68,2.55,2021-06-01
マーケ,1000034,MEO（マップ検索エンジン最適化）,MEO,グーグルマップ上で店舗ページの検索順位を上げる施策,3.49,2.74,2022-02-01
マーケ,1000035,UGC（ユーザー生成コンテンツ）,UGC,一般ユーザーによって制作・生成されたコンテンツの総称,3.73,2.77,2021-06-01
マーケ,1000035,UGC（ユーザー生成コンテンツ）,UGC,一般ユーザーによって制作・生成されたコンテンツの総称,3.93,2.88,2022-02-01
マーケ,1000036,アドベリフィケーション,アドベリフィケーション,Web広告が広告主の意図・条件に沿ったサイトや場所に掲載されているかを検証する機能,3.24,2.69,2022-02-01
技術,2000001,5G（第5世代移動通信システム）,5G,2020年に商用化された第5世代移動通信システム,4.30,3.80,2018-06-01
技術,2000001,5G（第5世代移動通信システム）,5G,2020年に商用化された第5世代移動通信システム,4.87,2.94,2019-02-01
技術,2000001,5G（第5世代移動通信システム）,5G,2020年に商用化された第5世代移動通信システム,4.58,3.33,2019-06-01
技術,2000001,5G（第5世代移動通信システム）,5G,2020年に商用化された第5世代移動通信システム,4.39,2.68,2020-02-01
技術,2000001,5G（第5世代移動通信システム）,5G,2020年に商用化された第5世代移動通信システム,4.54,3.15,2020-06-01
技術,2000001,5G（第5世代移動通信システム）,5G,2020年に商用化された第5世代移動通信システム,4.34,3.23,2021-02-01
技術,2000001,5G（第5世代移動通信システム）,5G,2020年に商用化された第5世代移動通信システム,4.41,3.41,2021-06-01
技術,2000001,5G（第5世代移動通信システム）,5G,2020年に商用化された第5世代移動通信システム,4.33,3.46,2022-02-01
技術,2000002,AI（人工知能）,AI,画像や音声の認識、予測などを実現する人工知能,4.70,4.40,2018-06-01
技術,2000002,AI（人工知能）,AI,画像や音声の認識、予測などを実現する人工知能,4.80,3.94,2019-02-01
技術,2000002,AI（人工知能）,AI,画像や音声の認識、予測などを実現する人工知能,4.79,3.96,2019-06-01
技術,2000002,AI（人工知能）,AI,画像や音声の認識、予測などを実現する人工知能,4.64,3.86,2020-02-01
技術,2000002,AI（人工知能）,AI,画像や音声の認識、予測などを実現する人工知能,4.69,4.03,2020-06-01
技術,2000002,AI（人工知能）,AI,画像や音声の認識、予測などを実現する人工知能,4.60,3.86,2021-02-01
技術,2000002,AI（人工知能）,AI,画像や音声の認識、予測などを実現する人工知能,4.55,3.76,2021-06-01
技術,2000002,AI（人工知能）,AI,画像や音声の認識、予測などを実現する人工知能,4.45,3.75,2022-02-01
技術,2000003,AR/VR/MR,AR/VR/MR,仮想空間、空間拡張を実現する技術（AR=拡張現実、VR=仮想現実、MR=複合現実）,3.90,3.30,2018-06-01
技術,2000003,AR/VR/MR,AR/VR/MR,仮想空間、空間拡張を実現する技術（AR=拡張現実、VR=仮想現実、MR=複合現実）,3.60,2.50,2019-02-01
技術,2000003,AR/VR/MR,AR/VR/MR,仮想空間、空間拡張を実現する技術（AR=拡張現実、VR=仮想現実、MR=複合現実）,3.52,2.57,2019-06-01
技術,2000003,AR/VR/MR,AR/VR/MR,仮想空間、空間拡張を実現する技術（AR=拡張現実、VR=仮想現実、MR=複合現実）,4.14,2.71,2020-02-01
技術,2000003,AR/VR/MR,AR/VR/MR,仮想空間、空間拡張を実現する技術（AR=拡張現実、VR=仮想現実、MR=複合現実）,4.14,2.83,2020-06-01
技術,2000003,AR/VR/MR,AR/VR/MR,仮想空間、空間拡張を実現する技術（AR=拡張現実、VR=仮想現実、MR=複合現実）,3.86,2.62,2021-02-01
技術,2000003,AR/VR/MR,AR/VR/MR,仮想空間、空間拡張を実現する技術（AR=拡張現実、VR=仮想現実、MR=複合現実）,3.94,2.45,2021-06-01
技術,2000003,AR/VR/MR,AR/VR/MR,仮想空間、空間拡張を実現する技術（AR=拡張現実、VR=仮想現実、MR=複合現実）,3.82,2.56,2022-02-01
技術,2000004,IoT,IoT,あらゆる機器をインターネット接続する「インターネット・オブ・シングス」の略語,4.60,4.00,2018-06-01
技術,2000004,IoT,IoT,あらゆる機器をインターネット接続する「インターネット・オブ・シングス」の略語,4.67,3.94,2019-02-01
技術,2000004,IoT,IoT,あらゆる機器をインターネット接続する「インターネット・オブ・シングス」の略語,4.46,3.79,2019-06-01
技術,2000004,IoT,IoT,あらゆる機器をインターネット接続する「インターネット・オブ・シングス」の略語,4.39,3.68,2020-02-01
技術,2000004,IoT,IoT,あらゆる機器をインターネット接続する「インターネット・オブ・シングス」の略語,4.41,3.79,2020-06-01
技術,2000004,IoT,IoT,あらゆる機器をインターネット接続する「インターネット・オブ・シングス」の略語,4.43,3.86,2021-02-01
技術,2000004,IoT,IoT,あらゆる機器をインターネット接続する「インターネット・オブ・シングス」の略語,4.18,3.38,2021-06-01
技術,2000004,IoT,IoT,あらゆる機器をインターネット接続する「インターネット・オブ・シングス」の略語,4.21,3.60,2022-02-01
技術,2000005,LPWA,LPWA,低消費電力で長距離の通信ができる規格。ロー・パワー・ワイド・エリアの略語,3.86,2.86,2018-06-01
技術,2000005,LPWA,LPWA,低消費電力で長距離の通信ができる規格。ロー・パワー・ワイド・エリアの略語,3.45,2.27,2019-02-01
技術,2000005,LPWA,LPWA,低消費電力で長距離の通信ができる規格。ロー・パワー・ワイド・エリアの略語,3.18,2.53,2019-06-01
技術,2000005,LPWA,LPWA,低消費電力で長距離の通信ができる規格。ロー・パワー・ワイド・エリアの略語,3.19,1.95,2020-02-01
技術,2000005,LPWA,LPWA,低消費電力で長距離の通信ができる規格。ロー・パワー・ワイド・エリアの略語,3.28,2.11,2020-06-01
技術,2000005,LPWA,LPWA,低消費電力で長距離の通信ができる規格。ロー・パワー・ワイド・エリアの略語,3.33,2.19,2021-02-01
技術,2000006,VUI（音声ユーザーインターフェース）,VUI,音声による対話をAIが実現するボイス・ユーザー・インターフェースの略語。,4.33,3.50,2018-06-01
技術,2000006,VUI（音声ユーザーインターフェース）,VUI,音声による対話をAIが実現するボイス・ユーザー・インターフェースの略語。,4.07,3.38,2019-02-01
技術,2000006,VUI（音声ユーザーインターフェース）,VUI,音声による対話をAIが実現するボイス・ユーザー・インターフェースの略語。,3.82,2.86,2019-06-01
技術,2000006,VUI（音声ユーザーインターフェース）,VUI,音声による対話をAIが実現するボイス・ユーザー・インターフェースの略語。,3.69,3.00,2020-02-01
技術,2000006,VUI（音声ユーザーインターフェース）,VUI,音声による対話をAIが実現するボイス・ユーザー・インターフェースの略語。,3.70,2.74,2020-06-01
技術,2000006,VUI（音声ユーザーインターフェース）,VUI,音声による対話をAIが実現するボイス・ユーザー・インターフェースの略語。,3.74,2.35,2021-02-01
技術,2000006,VUI（音声ユーザーインターフェース）,VUI,音声による対話をAIが実現するボイス・ユーザー・インターフェースの略語。,3.96,2.54,2021-06-01
技術,2000006,VUI（音声ユーザーインターフェース）,VUI,音声による対話をAIが実現するボイス・ユーザー・インターフェースの略語。,3.62,2.57,2022-02-01
技術,2000007,エッジコンピューティング,エッジコンピューティング,小型デバイス上にAIを搭載。映像など大量データを一次処理した後にクラウド上へ送信し、通信負荷を減らす仕組み。,4.13,3.13,2018-06-01
技術,2000007,エッジコンピューティング,エッジコンピューティング,小型デバイス上にAIを搭載。映像など大量データを一次処理した後にクラウド上へ送信し、通信負荷を減らす仕組み。,3.70,2.82,2019-02-01
技術,2000007,エッジコンピューティング,エッジコンピューティング,小型デバイス上にAIを搭載。映像など大量データを一次処理した後にクラウド上へ送信し、通信負荷を減らす仕組み。,4.11,2.74,2019-06-01
技術,2000007,エッジコンピューティング,エッジコンピューティング,小型デバイス上にAIを搭載。映像など大量データを一次処理した後にクラウド上へ送信し、通信負荷を減らす仕組み。,4.00,2.77,2020-02-01
技術,2000007,エッジコンピューティング,エッジコンピューティング,小型デバイス上にAIを搭載。映像など大量データを一次処理した後にクラウド上へ送信し、通信負荷を減らす仕組み。,3.88,2.88,2020-06-01
技術,2000007,エッジコンピューティング,エッジコンピューティング,小型デバイス上にAIを搭載。映像など大量データを一次処理した後にクラウド上へ送信し、通信負荷を減らす仕組み。,3.68,2.54,2021-02-01
消費,2000008,キャッシュレス決済（QRコード決済など）,キャッシュレス決済,コード決済、電子マネー、クレジットカードなど現金以外の決済の総称,4.10,3.80,2018-06-01
消費,2000008,キャッシュレス決済（QRコード決済など）,キャッシュレス決済,コード決済、電子マネー、クレジットカードなど現金以外の決済の総称,4.67,3.50,2019-02-01
消費,2000008,キャッシュレス決済（QRコード決済など）,キャッシュレス決済,コード決済、電子マネー、クレジットカードなど現金以外の決済の総称,4.30,3.74,2019-06-01
消費,2000008,キャッシュレス決済（QRコード決済など）,キャッシュレス決済,コード決済、電子マネー、クレジットカードなど現金以外の決済の総称,4.40,3.66,2020-02-01
消費,2000008,キャッシュレス決済（QRコード決済など）,キャッシュレス決済,コード決済、電子マネー、クレジットカードなど現金以外の決済の総称,4.32,3.59,2020-06-01
消費,2000008,キャッシュレス決済（QRコード決済など）,キャッシュレス決済,コード決済、電子マネー、クレジットカードなど現金以外の決済の総称,4.36,3.55,2021-02-01
消費,2000008,キャッシュレス決済（QRコード決済など）,キャッシュレス決済,コード決済、電子マネー、クレジットカードなど現金以外の決済の総称,4.30,3.63,2021-06-01
消費,2000008,キャッシュレス決済（QRコード決済など）,キャッシュレス決済,コード決済、電子マネー、クレジットカードなど現金以外の決済の総称,4.51,4.03,2022-02-01
技術,2000009,クラウド,クラウド,インターネットを経由してサービスを提供する手法,4.40,4.60,2018-06-01
技術,2000009,クラウド,クラウド,インターネットを経由してサービスを提供する手法,4.60,4.44,2019-02-01
技術,2000009,クラウド,クラウド,インターネットを経由してサービスを提供する手法,4.17,4.21,2019-06-01
技術,2000009,クラウド,クラウド,インターネットを経由してサービスを提供する手法,4.25,4.21,2020-02-01
技術,2000009,クラウド,クラウド,インターネットを経由してサービスを提供する手法,4.38,4.14,2020-06-01
技術,2000009,クラウド,クラウド,インターネットを経由してサービスを提供する手法,4.23,4.49,2021-02-01
技術,2000009,クラウド,クラウド,インターネットを経由してサービスを提供する手法,4.42,4.09,2021-06-01
技術,2000009,クラウド,クラウド,インターネットを経由してサービスを提供する手法,4.45,4.39,2022-02-01
技術,2000010,スマートフォン,スマートフォン,オペレーティングシステムを搭載し、インターネットと親和性が高い多機能携帯電話,4.10,4.90,2018-06-01
技術,2000010,スマートフォン,スマートフォン,オペレーティングシステムを搭載し、インターネットと親和性が高い多機能携帯電話,4.00,4.81,2019-02-01
技術,2000010,スマートフォン,スマートフォン,オペレーティングシステムを搭載し、インターネットと親和性が高い多機能携帯電話,3.83,4.38,2019-06-01
技術,2000010,スマートフォン,スマートフォン,オペレーティングシステムを搭載し、インターネットと親和性が高い多機能携帯電話,3.79,4.75,2020-02-01
技術,2000010,スマートフォン,スマートフォン,オペレーティングシステムを搭載し、インターネットと親和性が高い多機能携帯電話,3.93,4.61,2020-06-01
技術,2000010,スマートフォン,スマートフォン,オペレーティングシステムを搭載し、インターネットと親和性が高い多機能携帯電話,3.83,4.83,2021-02-01
技術,2000010,スマートフォン,スマートフォン,オペレーティングシステムを搭載し、インターネットと親和性が高い多機能携帯電話,4.00,4.61,2021-06-01
技術,2000010,スマートフォン,スマートフォン,オペレーティングシステムを搭載し、インターネットと親和性が高い多機能携帯電話,3.90,4.79,2022-02-01
技術,2000011,ドローン,ドローン,小型無人機。配送やインフラ検査などへの活用が期待される,3.60,2.78,2018-06-01
技術,2000011,ドローン,ドローン,小型無人機。配送やインフラ検査などへの活用が期待される,3.73,2.44,2019-02-01
技術,2000011,ドローン,ドローン,小型無人機。配送やインフラ検査などへの活用が期待される,3.71,2.71,2019-06-01
技術,2000011,ドローン,ドローン,小型無人機。配送やインフラ検査などへの活用が期待される,3.93,2.79,2020-02-01
技術,2000011,ドローン,ドローン,小型無人機。配送やインフラ検査などへの活用が期待される,3.86,2.45,2020-06-01
技術,2000011,ドローン,ドローン,小型無人機。配送やインフラ検査などへの活用が期待される,3.83,2.32,2021-02-01
技術,2000011,ドローン,ドローン,小型無人機。配送やインフラ検査などへの活用が期待される,4.12,2.59,2021-06-01
技術,2000011,ドローン,ドローン,小型無人機。配送やインフラ検査などへの活用が期待される,4.05,2.82,2022-02-01
技術,2000012,ブロックチェーン,ブロックチェーン,暗号資産「ビットコイン」などのベースとなる技術。全取引の記録をさかのぼることができる点や情報の改ざんができない点が特長,4.50,3.70,2018-06-01
技術,2000012,ブロックチェーン,ブロックチェーン,暗号資産「ビットコイン」などのベースとなる技術。全取引の記録をさかのぼることができる点や情報の改ざんができない点が特長,4.07,3.13,2019-02-01
技術,2000012,ブロックチェーン,ブロックチェーン,暗号資産「ビットコイン」などのベースとなる技術。全取引の記録をさかのぼることができる点や情報の改ざんができない点が特長,4.17,3.17,2019-06-01
技術,2000012,ブロックチェーン,ブロックチェーン,暗号資産「ビットコイン」などのベースとなる技術。全取引の記録をさかのぼることができる点や情報の改ざんができない点が特長,4.07,2.79,2020-02-01
技術,2000012,ブロックチェーン,ブロックチェーン,暗号資産「ビットコイン」などのベースとなる技術。全取引の記録をさかのぼることができる点や情報の改ざんができない点が特長,3.97,2.83,2020-06-01
技術,2000012,ブロックチェーン,ブロックチェーン,暗号資産「ビットコイン」などのベースとなる技術。全取引の記録をさかのぼることができる点や情報の改ざんができない点が特長,3.97,2.79,2021-02-01
技術,2000013,空飛ぶクルマ,空飛ぶクルマ,電動で操作がしやすい航空機。国内外で多くの企業が開発を進め、垂直に離着陸するタイプが多い,2.92,2.07,2019-02-01
技術,2000013,空飛ぶクルマ,空飛ぶクルマ,電動で操作がしやすい航空機。国内外で多くの企業が開発を進め、垂直に離着陸するタイプが多い,3.20,2.20,2019-06-01
技術,2000013,空飛ぶクルマ,空飛ぶクルマ,電動で操作がしやすい航空機。国内外で多くの企業が開発を進め、垂直に離着陸するタイプが多い,3.30,1.89,2020-02-01
技術,2000013,空飛ぶクルマ,空飛ぶクルマ,電動で操作がしやすい航空機。国内外で多くの企業が開発を進め、垂直に離着陸するタイプが多い,3.28,1.69,2020-06-01
技術,2000013,空飛ぶクルマ,空飛ぶクルマ,電動で操作がしやすい航空機。国内外で多くの企業が開発を進め、垂直に離着陸するタイプが多い,3.20,1.51,2021-02-01
技術,2000013,空飛ぶクルマ,空飛ぶクルマ,電動で操作がしやすい航空機。国内外で多くの企業が開発を進め、垂直に離着陸するタイプが多い,3.24,1.58,2021-06-01
技術,2000013,空飛ぶクルマ,空飛ぶクルマ,電動で操作がしやすい航空機。国内外で多くの企業が開発を進め、垂直に離着陸するタイプが多い,3.53,1.68,2022-02-01
技術,2000014,自動運転,自動運転,人間が操作をしなくても運転できる技術。自動車で開発が進む,4.40,3.60,2018-06-01
技術,2000014,自動運転,自動運転,人間が操作をしなくても運転できる技術。自動車で開発が進む,4.33,2.94,2019-02-01
技術,2000014,自動運転,自動運転,人間が操作をしなくても運転できる技術。自動車で開発が進む,4.50,3.00,2019-06-01
技術,2000014,自動運転,自動運転,人間が操作をしなくても運転できる技術。自動車で開発が進む,4.54,2.61,2020-02-01
技術,2000014,自動運転,自動運転,人間が操作をしなくても運転できる技術。自動車で開発が進む,4.48,2.45,2020-06-01
技術,2000014,自動運転,自動運転,人間が操作をしなくても運転できる技術。自動車で開発が進む,4.46,2.46,2021-02-01
技術,2000014,自動運転,自動運転,人間が操作をしなくても運転できる技術。自動車で開発が進む,4.45,2.48,2021-06-01
技術,2000014,自動運転,自動運転,人間が操作をしなくても運転できる技術。自動車で開発が進む,4.31,2.69,2022-02-01
技術,2000015,生体認証(顔認証、指紋認証など),生体認証,顔認証、指紋認証などの技術の総称,4.20,3.31,2019-02-01
技術,2000015,生体認証(顔認証、指紋認証など),生体認証,顔認証、指紋認証などの技術の総称,4.46,3.25,2019-06-01
技術,2000015,生体認証(顔認証、指紋認証など),生体認証,顔認証、指紋認証などの技術の総称,4.29,2.86,2020-02-01
技術,2000015,生体認証(顔認証、指紋認証など),生体認証,顔認証、指紋認証などの技術の総称,4.24,3.17,2020-06-01
技術,2000015,生体認証(顔認証、指紋認証など),生体認証,顔認証、指紋認証などの技術の総称,4.23,2.89,2021-02-01
技術,2000015,生体認証(顔認証、指紋認証など),生体認証,顔認証、指紋認証などの技術の総称,4.33,3.06,2021-06-01
技術,2000015,生体認証(顔認証、指紋認証など),生体認証,顔認証、指紋認証などの技術の総称,4.13,3.10,2022-02-01
技術,2000016,電気自動車（EV）,電気自動車,電気で駆動する自動車、エレクトリック・ビークル＝EVともいわれる,4.30,3.60,2018-06-01
技術,2000016,電気自動車（EV）,電気自動車,電気で駆動する自動車、エレクトリック・ビークル＝EVともいわれる,4.07,3.06,2019-02-01
技術,2000016,電気自動車（EV）,電気自動車,電気で駆動する自動車、エレクトリック・ビークル＝EVともいわれる,3.92,3.29,2019-06-01
技術,2000016,電気自動車（EV）,電気自動車,電気で駆動する自動車、エレクトリック・ビークル＝EVともいわれる,4.07,3.11,2020-02-01
技術,2000016,電気自動車（EV）,電気自動車,電気で駆動する自動車、エレクトリック・ビークル＝EVともいわれる,4.07,2.59,2020-06-01
技術,2000016,電気自動車（EV）,電気自動車,電気で駆動する自動車、エレクトリック・ビークル＝EVともいわれる,4.31,3.11,2021-02-01
技術,2000016,電気自動車（EV）,電気自動車,電気で駆動する自動車、エレクトリック・ビークル＝EVともいわれる,4.39,3.00,2021-06-01
技術,2000016,電気自動車（EV）,電気自動車,電気で駆動する自動車、エレクトリック・ビークル＝EVともいわれる,4.23,2.95,2022-02-01
技術,2000017,DX（デジタルトランスフォーメーション）,DX,データやデジタル技術によるビジネスモデルの変革。デジタルトランスフォーメーションの略語,4.19,2.88,2020-02-01
技術,2000017,DX（デジタルトランスフォーメーション）,DX,データやデジタル技術によるビジネスモデルの変革。デジタルトランスフォーメーションの略語,4.41,3.62,2020-06-01
技術,2000017,DX（デジタルトランスフォーメーション）,DX,データやデジタル技術によるビジネスモデルの変革。デジタルトランスフォーメーションの略語,4.43,3.79,2021-02-01
技術,2000017,DX（デジタルトランスフォーメーション）,DX,データやデジタル技術によるビジネスモデルの変革。デジタルトランスフォーメーションの略語,4.21,3.94,2021-06-01
技術,2000017,DX（デジタルトランスフォーメーション）,DX,データやデジタル技術によるビジネスモデルの変革。デジタルトランスフォーメーションの略語,4.13,3.75,2022-02-01
技術,2000018,GNSS（測位衛星システム）,GNSS,衛星を使い位置を特定する測位衛星システム（GPS、準天頂衛星などの総称）,3.67,2.78,2019-06-01
技術,2000018,GNSS（測位衛星システム）,GNSS,衛星を使い位置を特定する測位衛星システム（GPS、準天頂衛星などの総称）,3.40,2.72,2020-02-01
技術,2000018,GNSS（測位衛星システム）,GNSS,衛星を使い位置を特定する測位衛星システム（GPS、準天頂衛星などの総称）,3.57,3.00,2020-06-01
技術,2000018,GNSS（測位衛星システム）,GNSS,衛星を使い位置を特定する測位衛星システム（GPS、準天頂衛星などの総称）,3.77,2.85,2021-02-01
技術,2000018,GNSS（測位衛星システム）,GNSS,衛星を使い位置を特定する測位衛星システム（GPS、準天頂衛星などの総称）,4.10,3.57,2021-06-01
技術,2000018,GNSS（測位衛星システム）,GNSS,衛星を使い位置を特定する測位衛星システム（GPS、準天頂衛星などの総称）,3.90,2.87,2022-02-01
技術,2000019,トークンエコノミー（NFT・ブロックチェーン）,トークンエコノミー,特定企業が発行する「トークン」を取得したユーザーが使うことで経済的価値を生む事象,3.33,2.72,2019-06-01
技術,2000019,トークンエコノミー（NFT・ブロックチェーン）,トークンエコノミー,特定企業が発行する「トークン」を取得したユーザーが使うことで経済的価値を生む事象,3.40,2.24,2020-02-01
技術,2000019,トークンエコノミー（NFT・ブロックチェーン）,トークンエコノミー,特定企業が発行する「トークン」を取得したユーザーが使うことで経済的価値を生む事象,3.32,2.38,2020-06-01
技術,2000019,トークンエコノミー（NFT・ブロックチェーン）,トークンエコノミー,特定企業が発行する「トークン」を取得したユーザーが使うことで経済的価値を生む事象,3.21,1.89,2021-02-01
技術,2000019,トークンエコノミー（NFT・ブロックチェーン）,トークンエコノミー,特定企業が発行する「トークン」を取得したユーザーが使うことで経済的価値を生む事象,3.81,2.19,2021-06-01
技術,2000019,トークンエコノミー（NFT・ブロックチェーン）,トークンエコノミー,特定企業が発行する「トークン」を取得したユーザーが使うことで経済的価値を生む事象,3.84,2.30,2022-02-01
技術,2000020,バーチャル・ヒューマン・エージェント（VHA）,VHA,顔や身体を持つ次世代のAIアシスタントである、バーチャル・ヒューマン・エージェントの略語,3.65,2.18,2020-02-01
技術,2000020,バーチャル・ヒューマン・エージェント（VHA）,VHA,顔や身体を持つ次世代のAIアシスタントである、バーチャル・ヒューマン・エージェントの略語,3.50,2.05,2020-06-01
技術,2000020,バーチャル・ヒューマン・エージェント（VHA）,VHA,顔や身体を持つ次世代のAIアシスタントである、バーチャル・ヒューマン・エージェントの略語,3.28,1.96,2021-02-01
技術,2000020,バーチャル・ヒューマン・エージェント（VHA）,VHA,顔や身体を持つ次世代のAIアシスタントである、バーチャル・ヒューマン・エージェントの略語,3.55,2.23,2021-06-01
技術,2000020,バーチャル・ヒューマン・エージェント（VHA）,VHA,顔や身体を持つ次世代のAIアシスタントである、バーチャル・ヒューマン・エージェントの略語,3.53,2.35,2022-02-01
技術,2000021,ロボティクス,ロボティクス,産業用、対人、家電などさまざまな分野での浸透が期待されるロボット工学,4.27,2.91,2019-06-01
技術,2000021,ロボティクス,ロボティクス,産業用、対人、家電などさまざまな分野での浸透が期待されるロボット工学,4.07,2.93,2020-02-01
技術,2000021,ロボティクス,ロボティクス,産業用、対人、家電などさまざまな分野での浸透が期待されるロボット工学,4.31,2.90,2020-06-01
技術,2000021,ロボティクス,ロボティクス,産業用、対人、家電などさまざまな分野での浸透が期待されるロボット工学,4.49,3.09,2021-02-01
技術,2000021,ロボティクス,ロボティクス,産業用、対人、家電などさまざまな分野での浸透が期待されるロボット工学,4.34,3.13,2021-06-01
技術,2000021,ロボティクス,ロボティクス,産業用、対人、家電などさまざまな分野での浸透が期待されるロボット工学,4.18,3.24,2022-02-01
技術,2000022,遠隔医療,遠隔医療,離れた場所にいる医者と患者をネットワークでつないだ医療。5Gの普及で利用が進むと期待される,4.29,2.33,2020-02-01
技術,2000022,遠隔医療,遠隔医療,離れた場所にいる医者と患者をネットワークでつないだ医療。5Gの普及で利用が進むと期待される,4.34,2.31,2020-06-01
技術,2000022,遠隔医療,遠隔医療,離れた場所にいる医者と患者をネットワークでつないだ医療。5Gの普及で利用が進むと期待される,4.47,2.74,2021-02-01
技術,2000022,遠隔医療,遠隔医療,離れた場所にいる医者と患者をネットワークでつないだ医療。5Gの普及で利用が進むと期待される,4.52,2.67,2021-06-01
技術,2000022,遠隔医療,遠隔医療,離れた場所にいる医者と患者をネットワークでつないだ医療。5Gの普及で利用が進むと期待される,4.31,2.69,2022-02-01
技術,2000024,都市OS（スマートシティ、コネクテッドシティ）,都市OS,スマートシティ、コネクテッドシティを構築するためのオペレーティングシステム,4.29,2.21,2020-02-01
技術,2000024,都市OS（スマートシティ、コネクテッドシティ）,都市OS,スマートシティ、コネクテッドシティを構築するためのオペレーティングシステム,4.00,2.43,2020-06-01
技術,2000024,都市OS（スマートシティ、コネクテッドシティ）,都市OS,スマートシティ、コネクテッドシティを構築するためのオペレーティングシステム,3.94,2.39,2021-02-01
技術,2000024,都市OS（スマートシティ、コネクテッドシティ）,都市OS,スマートシティ、コネクテッドシティを構築するためのオペレーティングシステム,4.20,2.43,2021-06-01
技術,2000024,都市OS（スマートシティ、コネクテッドシティ）,都市OS,スマートシティ、コネクテッドシティを構築するためのオペレーティングシステム,3.89,2.39,2022-02-01
技術,2000025,量子コンピューター,量子コンピューター,「量子」の特異な性質を利用して、劇的に計算を高速化すると期待されるコンピューター,3.60,2.15,2019-06-01
技術,2000025,量子コンピューター,量子コンピューター,「量子」の特異な性質を利用して、劇的に計算を高速化すると期待されるコンピューター,3.68,1.93,2020-02-01
技術,2000025,量子コンピューター,量子コンピューター,「量子」の特異な性質を利用して、劇的に計算を高速化すると期待されるコンピューター,3.57,2.29,2020-06-01
技術,2000025,量子コンピューター,量子コンピューター,「量子」の特異な性質を利用して、劇的に計算を高速化すると期待されるコンピューター,4.06,2.14,2021-02-01
技術,2000025,量子コンピューター,量子コンピューター,「量子」の特異な性質を利用して、劇的に計算を高速化すると期待されるコンピューター,4.00,2.26,2021-06-01
技術,2000025,量子コンピューター,量子コンピューター,「量子」の特異な性質を利用して、劇的に計算を高速化すると期待されるコンピューター,3.95,2.44,2022-02-01
技術,2000026,コンタクトレス・テクノロジー,コンタクトレス・テクノロジー,新型コロナウイルス感染症の拡大を防ぐため、非接触の注文、決済、配送などを実現する技術,4.13,2.54,2020-06-01
技術,2000026,コンタクトレス・テクノロジー,コンタクトレス・テクノロジー,新型コロナウイルス感染症の拡大を防ぐため、非接触の注文、決済、配送などを実現する技術,4.06,3.10,2021-02-01
技術,2000026,コンタクトレス・テクノロジー,コンタクトレス・テクノロジー,新型コロナウイルス感染症の拡大を防ぐため、非接触の注文、決済、配送などを実現する技術,3.96,2.92,2021-06-01
技術,2000026,コンタクトレス・テクノロジー,コンタクトレス・テクノロジー,新型コロナウイルス感染症の拡大を防ぐため、非接触の注文、決済、配送などを実現する技術,3.79,2.75,2022-02-01
技術,2000027,フードテック,フードテック,企業が大切にする価値を支持する「ファン」をベースに中長期的な売り上げや企業価値の向上につなげていく活動,4.10,2.24,2020-06-01
技術,2000027,フードテック,フードテック,企業が大切にする価値を支持する「ファン」をベースに中長期的な売り上げや企業価値の向上につなげていく活動,4.17,2.60,2021-02-01
技術,2000027,フードテック,フードテック,企業が大切にする価値を支持する「ファン」をベースに中長期的な売り上げや企業価値の向上につなげていく活動,4.15,2.70,2021-06-01
技術,2000027,フードテック,フードテック,企業が大切にする価値を支持する「ファン」をベースに中長期的な売り上げや企業価値の向上につなげていく活動,4.10,2.97,2022-02-01
技術,2000028,人間拡張,人間拡張,人間の身体能力、認知能力を拡張する技術,3.68,2.37,2019-06-01
技術,2000028,人間拡張,人間拡張,人間の身体能力、認知能力を拡張する技術,3.54,2.15,2020-02-01
技術,2000028,人間拡張,人間拡張,人間の身体能力、認知能力を拡張する技術,3.76,2.40,2020-06-01
技術,2000028,人間拡張,人間拡張,人間の身体能力、認知能力を拡張する技術,3.79,2.13,2021-02-01
技術,2000028,人間拡張,人間拡張,人間の身体能力、認知能力を拡張する技術,3.68,2.03,2021-06-01
技術,2000028,人間拡張,人間拡張,人間の身体能力、認知能力を拡張する技術,3.71,2.17,2022-02-01
技術,2000029,カーボンニュートラル,カーボンニュートラル,温暖化ガスの排出を全体としてゼロにする取り組み。日本政府は2050年の達成を目指す,4.22,2.81,2021-02-01
技術,2000029,カーボンニュートラル,カーボンニュートラル,温暖化ガスの排出を全体としてゼロにする取り組み。日本政府は2050年の達成を目指す,4.31,3.03,2021-06-01
技術,2000029,カーボンニュートラル,カーボンニュートラル,温暖化ガスの排出を全体としてゼロにする取り組み。日本政府は2050年の達成を目指す,4.11,3.58,2022-02-01
技術,2000030,エドテック（オンライン教育など）,エドテック,教育関係のテクノロジー。AIを活用した教材開発、プログラミング教育など,4.19,2.87,2021-02-01
技術,2000030,エドテック（オンライン教育など）,エドテック,教育関係のテクノロジー。AIを活用した教材開発、プログラミング教育など,4.07,2.73,2021-06-01
技術,2000030,エドテック（オンライン教育など）,エドテック,教育関係のテクノロジー。AIを活用した教材開発、プログラミング教育など,4.00,2.94,2022-02-01
技術,2000031,Web3,Web3,ブロックチェーン技術を基とする分散型インターネット,3.78,2.46,2022-02-01
技術,2000032,エッジコンピューティング,エッジコンピューティング,IoTデバイスなどユーザーに近いネットワークの末端（エッジ）でデータ処理を実行する技術や考え方,3.88,2.69,2021-06-01
技術,2000032,エッジコンピューティング,エッジコンピューティング,IoTデバイスなどユーザーに近いネットワークの末端（エッジ）でデータ処理を実行する技術や考え方,3.88,2.71,2022-02-01
消費,3000001,CtoC（フリマアプリなど）,CtoC,コンシューマー・トゥ・コンシューマーの略語。フリマアプリなど消費者間の取引,4.36,3.36,2018-06-01
消費,3000001,CtoC（フリマアプリなど）,CtoC,コンシューマー・トゥ・コンシューマーの略語。フリマアプリなど消費者間の取引,4.24,3.06,2019-02-01
消費,3000001,CtoC（フリマアプリなど）,CtoC,コンシューマー・トゥ・コンシューマーの略語。フリマアプリなど消費者間の取引,3.59,2.81,2019-06-01
消費,3000001,CtoC（フリマアプリなど）,CtoC,コンシューマー・トゥ・コンシューマーの略語。フリマアプリなど消費者間の取引,3.60,2.77,2020-02-01
消費,3000001,CtoC（フリマアプリなど）,CtoC,コンシューマー・トゥ・コンシューマーの略語。フリマアプリなど消費者間の取引,3.83,2.89,2020-06-01
消費,3000001,CtoC（フリマアプリなど）,CtoC,コンシューマー・トゥ・コンシューマーの略語。フリマアプリなど消費者間の取引,3.70,2.97,2021-02-01
消費,3000001,CtoC（フリマアプリなど）,CtoC,コンシューマー・トゥ・コンシューマーの略語。フリマアプリなど消費者間の取引,3.81,2.69,2021-06-01
消費,3000001,CtoC（フリマアプリなど）,CtoC,コンシューマー・トゥ・コンシューマーの略語。フリマアプリなど消費者間の取引,3.62,2.77,2022-02-01
消費,3000002,MaaS（モビリティ・アズ・ア・サービス）,MaaS,出発地から目的地への移動を最適化し、サービスとして提供するモビリティ・アズ・ア・サービスの略語。,4.08,2.83,2018-06-01
消費,3000002,MaaS（モビリティ・アズ・ア・サービス）,MaaS,出発地から目的地への移動を最適化し、サービスとして提供するモビリティ・アズ・ア・サービスの略語。,4.00,2.50,2019-02-01
消費,3000002,MaaS（モビリティ・アズ・ア・サービス）,MaaS,出発地から目的地への移動を最適化し、サービスとして提供するモビリティ・アズ・ア・サービスの略語。,4.23,2.77,2019-06-01
消費,3000002,MaaS（モビリティ・アズ・ア・サービス）,MaaS,出発地から目的地への移動を最適化し、サービスとして提供するモビリティ・アズ・ア・サービスの略語。,4.53,2.50,2020-02-01
消費,3000002,MaaS（モビリティ・アズ・ア・サービス）,MaaS,出発地から目的地への移動を最適化し、サービスとして提供するモビリティ・アズ・ア・サービスの略語。,4.33,2.72,2020-06-01
消費,3000002,MaaS（モビリティ・アズ・ア・サービス）,MaaS,出発地から目的地への移動を最適化し、サービスとして提供するモビリティ・アズ・ア・サービスの略語。,4.06,2.52,2021-02-01
消費,3000002,MaaS（モビリティ・アズ・ア・サービス）,MaaS,出発地から目的地への移動を最適化し、サービスとして提供するモビリティ・アズ・ア・サービスの略語。,3.85,2.38,2021-06-01
消費,3000002,MaaS（モビリティ・アズ・ア・サービス）,MaaS,出発地から目的地への移動を最適化し、サービスとして提供するモビリティ・アズ・ア・サービスの略語。,4.13,2.78,2022-02-01
消費,3000003,アクティブシニア,アクティブシニア,活動的で健康意識が高い高齢者層。消費市場を支えるとして注目される,4.54,3.77,2018-06-01
消費,3000003,アクティブシニア,アクティブシニア,活動的で健康意識が高い高齢者層。消費市場を支えるとして注目される,4.61,3.61,2019-02-01
消費,3000003,アクティブシニア,アクティブシニア,活動的で健康意識が高い高齢者層。消費市場を支えるとして注目される,4.19,3.35,2019-06-01
消費,3000003,アクティブシニア,アクティブシニア,活動的で健康意識が高い高齢者層。消費市場を支えるとして注目される,3.97,3.06,2020-02-01
消費,3000003,アクティブシニア,アクティブシニア,活動的で健康意識が高い高齢者層。消費市場を支えるとして注目される,3.89,3.24,2020-06-01
消費,3000003,アクティブシニア,アクティブシニア,活動的で健康意識が高い高齢者層。消費市場を支えるとして注目される,4.03,3.18,2021-02-01
消費,3000003,アクティブシニア,アクティブシニア,活動的で健康意識が高い高齢者層。消費市場を支えるとして注目される,3.73,3.08,2021-06-01
消費,3000003,アクティブシニア,アクティブシニア,活動的で健康意識が高い高齢者層。消費市場を支えるとして注目される,3.92,3.15,2022-02-01
消費,3000004,インスタ映え,インスタ映え,写真共有SNS「Instagram」で拡散されやすいクリエーティブのこと,3.54,3.07,2018-06-01
消費,3000004,インスタ映え,インスタ映え,写真共有SNS「Instagram」で拡散されやすいクリエーティブのこと,3.28,3.11,2019-02-01
消費,3000004,インスタ映え,インスタ映え,写真共有SNS「Instagram」で拡散されやすいクリエーティブのこと,2.96,3.00,2019-06-01
消費,3000004,インスタ映え,インスタ映え,写真共有SNS「Instagram」で拡散されやすいクリエーティブのこと,3.11,3.23,2020-02-01
消費,3000004,インスタ映え,インスタ映え,写真共有SNS「Instagram」で拡散されやすいクリエーティブのこと,3.19,3.08,2020-06-01
消費,3000004,インスタ映え,インスタ映え,写真共有SNS「Instagram」で拡散されやすいクリエーティブのこと,3.15,2.94,2021-02-01
消費,3000004,インスタ映え,インスタ映え,写真共有SNS「Instagram」で拡散されやすいクリエーティブのこと,3.00,2.89,2021-06-01
消費,3000004,インスタ映え,インスタ映え,写真共有SNS「Instagram」で拡散されやすいクリエーティブのこと,3.36,2.97,2022-02-01
消費,3000005,インバウンド消費,インバウンド消費,訪日外国人による消費,3.93,4.00,2018-06-01
消費,3000005,インバウンド消費,インバウンド消費,訪日外国人による消費,3.83,3.44,2019-02-01
消費,3000005,インバウンド消費,インバウンド消費,訪日外国人による消費,3.70,3.56,2019-06-01
消費,3000005,インバウンド消費,インバウンド消費,訪日外国人による消費,3.51,3.40,2020-02-01
消費,3000005,インバウンド消費,インバウンド消費,訪日外国人による消費,2.97,2.89,2020-06-01
消費,3000005,インバウンド消費,インバウンド消費,訪日外国人による消費,3.18,2.67,2021-02-01
消費,3000005,インバウンド消費,インバウンド消費,訪日外国人による消費,2.96,2.52,2021-06-01
消費,3000005,インバウンド消費,インバウンド消費,訪日外国人による消費,3.21,2.77,2022-02-01
消費,3000006,エシカル消費,エシカル消費,商品生産に関わる人や環境に配慮した商品を選んで購入する消費。エシカルは倫理上の、道徳上のという意味,3.40,2.40,2019-02-01
消費,3000006,エシカル消費,エシカル消費,商品生産に関わる人や環境に配慮した商品を選んで購入する消費。エシカルは倫理上の、道徳上のという意味,3.52,2.67,2019-06-01
消費,3000006,エシカル消費,エシカル消費,商品生産に関わる人や環境に配慮した商品を選んで購入する消費。エシカルは倫理上の、道徳上のという意味,3.55,2.65,2020-02-01
消費,3000006,エシカル消費,エシカル消費,商品生産に関わる人や環境に配慮した商品を選んで購入する消費。エシカルは倫理上の、道徳上のという意味,3.45,2.52,2020-06-01
消費,3000006,エシカル消費,エシカル消費,商品生産に関わる人や環境に配慮した商品を選んで購入する消費。エシカルは倫理上の、道徳上のという意味,3.68,2.42,2021-02-01
消費,3000007,オタク消費,オタク消費,アニメや漫画、アイドル、オンラインゲームなどの愛好家である“オタク”な人々が生み出す膨大な消費,3.69,2.92,2018-06-01
消費,3000007,オタク消費,オタク消費,アニメや漫画、アイドル、オンラインゲームなどの愛好家である“オタク”な人々が生み出す膨大な消費,3.78,2.83,2019-02-01
消費,3000007,オタク消費,オタク消費,アニメや漫画、アイドル、オンラインゲームなどの愛好家である“オタク”な人々が生み出す膨大な消費,3.54,2.65,2019-06-01
消費,3000007,オタク消費,オタク消費,アニメや漫画、アイドル、オンラインゲームなどの愛好家である“オタク”な人々が生み出す膨大な消費,3.51,2.63,2020-02-01
消費,3000007,オタク消費,オタク消費,アニメや漫画、アイドル、オンラインゲームなどの愛好家である“オタク”な人々が生み出す膨大な消費,3.43,2.51,2020-06-01
消費,3000007,オタク消費,オタク消費,アニメや漫画、アイドル、オンラインゲームなどの愛好家である“オタク”な人々が生み出す膨大な消費,3.48,2.52,2021-02-01
消費,3000007,オタク消費,オタク消費,アニメや漫画、アイドル、オンラインゲームなどの愛好家である“オタク”な人々が生み出す膨大な消費,3.74,2.59,2021-06-01
消費,3000007,オタク消費,オタク消費,アニメや漫画、アイドル、オンラインゲームなどの愛好家である“オタク”な人々が生み出す膨大な消費,3.69,2.67,2022-02-01
消費,3000008,お一人様（一人で楽しむ焼肉、旅行など）,お一人様,一人で楽しむ焼肉、旅行など消費,3.50,3.14,2018-06-01
消費,3000008,お一人様（一人で楽しむ焼肉、旅行など）,お一人様,一人で楽しむ焼肉、旅行など消費,3.94,3.06,2019-02-01
消費,3000008,お一人様（一人で楽しむ焼肉、旅行など）,お一人様,一人で楽しむ焼肉、旅行など消費,3.88,3.00,2019-06-01
消費,3000008,お一人様（一人で楽しむ焼肉、旅行など）,お一人様,一人で楽しむ焼肉、旅行など消費,3.86,2.83,2020-02-01
消費,3000008,お一人様（一人で楽しむ焼肉、旅行など）,お一人様,一人で楽しむ焼肉、旅行など消費,3.70,2.57,2020-06-01
消費,3000008,お一人様（一人で楽しむ焼肉、旅行など）,お一人様,一人で楽しむ焼肉、旅行など消費,3.64,2.67,2021-02-01
消費,3000008,お一人様（一人で楽しむ焼肉、旅行など）,お一人様,一人で楽しむ焼肉、旅行など消費,3.78,2.67,2021-06-01
消費,3000008,お一人様（一人で楽しむ焼肉、旅行など）,お一人様,一人で楽しむ焼肉、旅行など消費,3.85,2.97,2022-02-01
消費,3000009,コト（体験）消費,コト消費,モノを買うのではなく、旅行などコト＝体験に対する消費のこと,4.31,3.15,2018-06-01
消費,3000009,コト（体験）消費,コト消費,モノを買うのではなく、旅行などコト＝体験に対する消費のこと,4.44,3.53,2019-02-01
消費,3000009,コト（体験）消費,コト消費,モノを買うのではなく、旅行などコト＝体験に対する消費のこと,4.04,3.41,2019-06-01
消費,3000009,コト（体験）消費,コト消費,モノを買うのではなく、旅行などコト＝体験に対する消費のこと,4.20,3.71,2020-02-01
消費,3000009,コト（体験）消費,コト消費,モノを買うのではなく、旅行などコト＝体験に対する消費のこと,4.03,3.54,2020-06-01
消費,3000009,コト（体験）消費,コト消費,モノを買うのではなく、旅行などコト＝体験に対する消費のこと,3.97,3.27,2021-02-01
消費,3000009,コト（体験）消費,コト消費,モノを買うのではなく、旅行などコト＝体験に対する消費のこと,3.96,3.26,2021-06-01
消費,3000009,コト（体験）消費,コト消費,モノを買うのではなく、旅行などコト＝体験に対する消費のこと,4.00,3.33,2022-02-01
消費,3000010,サブスクリプション消費,サブスクリプション消費,継続購入の契約をするサブスクリクションサービスによる消費,4.15,2.92,2018-06-01
消費,3000010,サブスクリプション消費,サブスクリプション消費,継続購入の契約をするサブスクリクションサービスによる消費,4.06,2.72,2019-02-01
消費,3000010,サブスクリプション消費,サブスクリプション消費,継続購入の契約をするサブスクリクションサービスによる消費,4.19,2.65,2019-06-01
消費,3000010,サブスクリプション消費,サブスクリプション消費,継続購入の契約をするサブスクリクションサービスによる消費,4.00,2.97,2020-02-01
消費,3000010,サブスクリプション消費,サブスクリプション消費,継続購入の契約をするサブスクリクションサービスによる消費,4.24,2.95,2020-06-01
消費,3000010,サブスクリプション消費,サブスクリプション消費,継続購入の契約をするサブスクリクションサービスによる消費,4.06,2.79,2021-02-01
消費,3000010,サブスクリプション消費,サブスクリプション消費,継続購入の契約をするサブスクリクションサービスによる消費,4.00,3.04,2021-06-01
消費,3000010,サブスクリプション消費,サブスクリプション消費,継続購入の契約をするサブスクリクションサービスによる消費,4.05,2.92,2022-02-01
消費,3000011,シェアリングサービス,シェアリングサービス,企業や個人が持つモノやサービスをネットを介してシェアするサービス,4.57,3.29,2018-06-01
消費,3000011,シェアリングサービス,シェアリングサービス,企業や個人が持つモノやサービスをネットを介してシェアするサービス,4.33,2.67,2019-02-01
消費,3000011,シェアリングサービス,シェアリングサービス,企業や個人が持つモノやサービスをネットを介してシェアするサービス,4.54,3.19,2019-06-01
消費,3000011,シェアリングサービス,シェアリングサービス,企業や個人が持つモノやサービスをネットを介してシェアするサービス,4.09,2.89,2020-02-01
消費,3000011,シェアリングサービス,シェアリングサービス,企業や個人が持つモノやサービスをネットを介してシェアするサービス,4.16,2.84,2020-06-01
消費,3000011,シェアリングサービス,シェアリングサービス,企業や個人が持つモノやサービスをネットを介してシェアするサービス,4.00,2.79,2021-02-01
消費,3000011,シェアリングサービス,シェアリングサービス,企業や個人が持つモノやサービスをネットを介してシェアするサービス,3.85,2.85,2021-06-01
消費,3000011,シェアリングサービス,シェアリングサービス,企業や個人が持つモノやサービスをネットを介してシェアするサービス,3.82,2.87,2022-02-01
消費,3000012,ジェンダーフリー,ジェンダーフリー,ジェンダー（性差）にとらわれず、自らの能力を生かして自由に行動・生活できること,3.46,2.69,2018-06-01
消費,3000012,ジェンダーフリー,ジェンダーフリー,ジェンダー（性差）にとらわれず、自らの能力を生かして自由に行動・生活できること,3.29,2.56,2019-02-01
消費,3000012,ジェンダーフリー,ジェンダーフリー,ジェンダー（性差）にとらわれず、自らの能力を生かして自由に行動・生活できること,3.31,2.35,2019-06-01
消費,3000012,ジェンダーフリー,ジェンダーフリー,ジェンダー（性差）にとらわれず、自らの能力を生かして自由に行動・生活できること,3.40,2.82,2020-02-01
消費,3000012,ジェンダーフリー,ジェンダーフリー,ジェンダー（性差）にとらわれず、自らの能力を生かして自由に行動・生活できること,3.51,2.54,2020-06-01
消費,3000012,ジェンダーフリー,ジェンダーフリー,ジェンダー（性差）にとらわれず、自らの能力を生かして自由に行動・生活できること,3.64,2.52,2021-02-01
消費,3000012,ジェンダーフリー,ジェンダーフリー,ジェンダー（性差）にとらわれず、自らの能力を生かして自由に行動・生活できること,3.78,2.70,2021-06-01
消費,3000012,ジェンダーフリー,ジェンダーフリー,ジェンダー（性差）にとらわれず、自らの能力を生かして自由に行動・生活できること,3.87,2.77,2022-02-01
消費,3000013,ショールーミング,ショールーミング,小売店で確認した商品をその場では買わずに、ネットや通販で店頭より安い価格で購入すること,3.09,2.82,2018-06-01
消費,3000013,ショールーミング,ショールーミング,小売店で確認した商品をその場では買わずに、ネットや通販で店頭より安い価格で購入すること,3.25,2.31,2019-02-01
消費,3000013,ショールーミング,ショールーミング,小売店で確認した商品をその場では買わずに、ネットや通販で店頭より安い価格で購入すること,3.17,2.42,2019-06-01
消費,3000013,ショールーミング,ショールーミング,小売店で確認した商品をその場では買わずに、ネットや通販で店頭より安い価格で購入すること,3.25,2.39,2020-02-01
消費,3000013,ショールーミング,ショールーミング,小売店で確認した商品をその場では買わずに、ネットや通販で店頭より安い価格で購入すること,3.15,2.32,2020-06-01
消費,3000013,ショールーミング,ショールーミング,小売店で確認した商品をその場では買わずに、ネットや通販で店頭より安い価格で購入すること,3.19,2.52,2021-02-01
消費,3000013,ショールーミング,ショールーミング,小売店で確認した商品をその場では買わずに、ネットや通販で店頭より安い価格で購入すること,3.35,2.54,2021-06-01
消費,3000013,ショールーミング,ショールーミング,小売店で確認した商品をその場では買わずに、ネットや通販で店頭より安い価格で購入すること,3.47,2.54,2022-02-01
消費,3000014,ナイトタイムエコノミー,ナイトタイムエコノミー,飲食やエンタテイメントなど夜間の消費に注目した経済活動,3.15,2.62,2018-06-01
消費,3000014,ナイトタイムエコノミー,ナイトタイムエコノミー,飲食やエンタテイメントなど夜間の消費に注目した経済活動,3.31,2.56,2019-02-01
消費,3000014,ナイトタイムエコノミー,ナイトタイムエコノミー,飲食やエンタテイメントなど夜間の消費に注目した経済活動,3.42,2.29,2020-02-01
消費,3000014,ナイトタイムエコノミー,ナイトタイムエコノミー,飲食やエンタテイメントなど夜間の消費に注目した経済活動,3.00,2.23,2020-06-01
消費,3000014,ナイトタイムエコノミー,ナイトタイムエコノミー,飲食やエンタテイメントなど夜間の消費に注目した経済活動,3.10,2.23,2021-02-01
消費,3000014,ナイトタイムエコノミー,ナイトタイムエコノミー,飲食やエンタテイメントなど夜間の消費に注目した経済活動,2.87,2.13,2021-06-01
消費,3000014,ナイトタイムエコノミー,ナイトタイムエコノミー,飲食やエンタテイメントなど夜間の消費に注目した経済活動,2.85,2.32,2022-02-01
消費,3000015,パーソナライズ化,パーソナライズ化,利用者の趣味・嗜好に合わせてカスタマイズされたコンテンツや商品,4.43,3.50,2018-06-01
消費,3000015,パーソナライズ化,パーソナライズ化,利用者の趣味・嗜好に合わせてカスタマイズされたコンテンツや商品,4.28,3.17,2019-02-01
消費,3000015,パーソナライズ化,パーソナライズ化,利用者の趣味・嗜好に合わせてカスタマイズされたコンテンツや商品,4.24,3.08,2019-06-01
消費,3000015,パーソナライズ化,パーソナライズ化,利用者の趣味・嗜好に合わせてカスタマイズされたコンテンツや商品,4.09,3.14,2020-02-01
消費,3000015,パーソナライズ化,パーソナライズ化,利用者の趣味・嗜好に合わせてカスタマイズされたコンテンツや商品,4.14,2.78,2020-06-01
消費,3000015,パーソナライズ化,パーソナライズ化,利用者の趣味・嗜好に合わせてカスタマイズされたコンテンツや商品,4.06,2.91,2021-02-01
消費,3000015,パーソナライズ化,パーソナライズ化,利用者の趣味・嗜好に合わせてカスタマイズされたコンテンツや商品,4.15,3.00,2021-06-01
消費,3000015,パーソナライズ化,パーソナライズ化,利用者の趣味・嗜好に合わせてカスタマイズされたコンテンツや商品,4.05,3.15,2022-02-01
消費,3000016,ミレニアル世代,ミレニアル世代,1989～95年生まれで、中高生の頃から、ネットもSNSも動画サービスも使いこなしてきたデジタルネイティブ世代,3.62,3.08,2018-06-01
消費,3000016,ミレニアル世代,ミレニアル世代,1989～95年生まれで、中高生の頃から、ネットもSNSも動画サービスも使いこなしてきたデジタルネイティブ世代,3.88,3.53,2019-02-01
消費,3000016,ミレニアル世代,ミレニアル世代,1989～95年生まれで、中高生の頃から、ネットもSNSも動画サービスも使いこなしてきたデジタルネイティブ世代,3.54,2.88,2019-06-01
消費,3000016,ミレニアル世代,ミレニアル世代,1989～95年生まれで、中高生の頃から、ネットもSNSも動画サービスも使いこなしてきたデジタルネイティブ世代,3.54,2.91,2020-02-01
消費,3000016,ミレニアル世代,ミレニアル世代,1989～95年生まれで、中高生の頃から、ネットもSNSも動画サービスも使いこなしてきたデジタルネイティブ世代,3.59,2.89,2020-06-01
消費,3000016,ミレニアル世代,ミレニアル世代,1989～95年生まれで、中高生の頃から、ネットもSNSも動画サービスも使いこなしてきたデジタルネイティブ世代,3.76,3.03,2021-02-01
消費,3000016,ミレニアル世代,ミレニアル世代,1989～95年生まれで、中高生の頃から、ネットもSNSも動画サービスも使いこなしてきたデジタルネイティブ世代,3.38,2.96,2021-06-01
消費,3000016,ミレニアル世代,ミレニアル世代,1989～95年生まれで、中高生の頃から、ネットもSNSも動画サービスも使いこなしてきたデジタルネイティブ世代,3.54,3.21,2022-02-01
消費,3000017,ムービージェニック,ムービージェニック,映像映えするクリエーティブ。SNSや動画共有アプリが一般化して注目,3.13,2.44,2018-06-01
消費,3000017,ムービージェニック,ムービージェニック,映像映えするクリエーティブ。SNSや動画共有アプリが一般化して注目,3.20,2.33,2019-02-01
消費,3000018,ローカーボ,ローカーボ,ローカーボハイドレイトの略で、低糖質食品,3.30,2.58,2018-06-01
消費,3000018,ローカーボ,ローカーボ,ローカーボハイドレイトの略で、低糖質食品,2.94,2.63,2019-02-01
消費,3000019,応援消費（SHOWROOM、映画館の応援上映など）,応援消費,動画配信サービスなどで採用される、視聴者が配信者を応援する気持ちを消費に変える仕組み,3.27,2.50,2018-06-01
消費,3000019,応援消費（SHOWROOM、映画館の応援上映など）,応援消費,動画配信サービスなどで採用される、視聴者が配信者を応援する気持ちを消費に変える仕組み,3.00,2.41,2019-02-01
消費,3000020,共働き,共働き,世帯を構成する夫婦がともに雇用されて働いていること,3.77,3.54,2018-06-01
消費,3000020,共働き,共働き,世帯を構成する夫婦がともに雇用されて働いていること,3.94,3.44,2019-02-01
消費,3000020,共働き,共働き,世帯を構成する夫婦がともに雇用されて働いていること,3.78,3.59,2019-06-01
消費,3000020,共働き,共働き,世帯を構成する夫婦がともに雇用されて働いていること,3.97,3.49,2020-02-01
消費,3000020,共働き,共働き,世帯を構成する夫婦がともに雇用されて働いていること,3.76,3.41,2020-06-01
消費,3000020,共働き,共働き,世帯を構成する夫婦がともに雇用されて働いていること,3.88,3.58,2021-02-01
消費,3000020,共働き,共働き,世帯を構成する夫婦がともに雇用されて働いていること,3.59,3.37,2021-06-01
消費,3000020,共働き,共働き,世帯を構成する夫婦がともに雇用されて働いていること,3.92,3.59,2022-02-01
消費,3000021,人生100年時代,人生100年時代,海外の研究で「2007年に日本で生まれた子供については、107歳まで生きる確率が50%」とされたことで注目,3.77,3.23,2018-06-01
消費,3000021,人生100年時代,人生100年時代,海外の研究で「2007年に日本で生まれた子供については、107歳まで生きる確率が50%」とされたことで注目,4.17,3.33,2019-02-01
消費,3000021,人生100年時代,人生100年時代,海外の研究で「2007年に日本で生まれた子供については、107歳まで生きる確率が50%」とされたことで注目,4.00,3.04,2019-06-01
消費,3000021,人生100年時代,人生100年時代,海外の研究で「2007年に日本で生まれた子供については、107歳まで生きる確率が50%」とされたことで注目,4.03,3.03,2020-02-01
消費,3000021,人生100年時代,人生100年時代,海外の研究で「2007年に日本で生まれた子供については、107歳まで生きる確率が50%」とされたことで注目,3.81,2.97,2020-06-01
消費,3000021,人生100年時代,人生100年時代,海外の研究で「2007年に日本で生まれた子供については、107歳まで生きる確率が50%」とされたことで注目,3.88,2.88,2021-02-01
消費,3000021,人生100年時代,人生100年時代,海外の研究で「2007年に日本で生まれた子供については、107歳まで生きる確率が50%」とされたことで注目,3.44,2.78,2021-06-01
消費,3000021,人生100年時代,人生100年時代,海外の研究で「2007年に日本で生まれた子供については、107歳まで生きる確率が50%」とされたことで注目,3.92,3.00,2022-02-01
消費,3000022,地産地消,地産地消,特定の地域で生産した商品を、同じ地域で消費すること,3.77,2.54,2018-06-01
消費,3000022,地産地消,地産地消,特定の地域で生産した商品を、同じ地域で消費すること,3.65,2.59,2019-02-01
消費,3000022,地産地消,地産地消,特定の地域で生産した商品を、同じ地域で消費すること,3.62,2.58,2019-06-01
消費,3000022,地産地消,地産地消,特定の地域で生産した商品を、同じ地域で消費すること,3.60,2.76,2020-02-01
消費,3000022,地産地消,地産地消,特定の地域で生産した商品を、同じ地域で消費すること,3.69,2.58,2020-06-01
消費,3000022,地産地消,地産地消,特定の地域で生産した商品を、同じ地域で消費すること,3.65,2.66,2021-02-01
消費,3000022,地産地消,地産地消,特定の地域で生産した商品を、同じ地域で消費すること,3.62,2.46,2021-06-01
消費,3000022,地産地消,地産地消,特定の地域で生産した商品を、同じ地域で消費すること,3.28,3.08,2022-02-01
消費,3000023,eスポーツ,eスポーツ,ビデオゲームを使って対戦するスポーツ競技,3.31,2.08,2019-06-01
消費,3000023,eスポーツ,eスポーツ,ビデオゲームを使って対戦するスポーツ競技,3.41,1.94,2020-02-01
消費,3000023,eスポーツ,eスポーツ,ビデオゲームを使って対戦するスポーツ競技,3.32,1.95,2020-06-01
消費,3000023,eスポーツ,eスポーツ,ビデオゲームを使って対戦するスポーツ競技,3.36,2.09,2021-02-01
消費,3000023,eスポーツ,eスポーツ,ビデオゲームを使って対戦するスポーツ競技,3.22,2.15,2021-06-01
消費,3000023,eスポーツ,eスポーツ,ビデオゲームを使って対戦するスポーツ競技,3.46,2.21,2022-02-01
消費,3000024,クラウドゲーム,クラウドゲーム,コンピューターゲームをストリーミング配信するサービス,3.00,1.92,2019-06-01
消費,3000024,クラウドゲーム,クラウドゲーム,コンピューターゲームをストリーミング配信するサービス,3.28,2.00,2020-02-01
消費,3000024,クラウドゲーム,クラウドゲーム,コンピューターゲームをストリーミング配信するサービス,3.35,1.97,2020-06-01
消費,3000024,クラウドゲーム,クラウドゲーム,コンピューターゲームをストリーミング配信するサービス,3.28,2.22,2021-02-01
消費,3000025,サステナブル・エシカル消費,サステナブル消費,環境に害を与えず、社会の持続可能性を重視した消費,3.85,2.94,2020-02-01
消費,3000025,サステナブル・エシカル消費,サステナブル消費,環境に害を与えず、社会の持続可能性を重視した消費,3.76,2.74,2020-06-01
消費,3000025,サステナブル・エシカル消費,サステナブル消費,環境に害を与えず、社会の持続可能性を重視した消費,4.00,2.71,2021-02-01
消費,3000025,サステナブル・エシカル消費,サステナブル消費,環境に害を与えず、社会の持続可能性を重視した消費,3.89,2.74,2021-06-01
消費,3000025,サステナブル・エシカル消費,サステナブル消費,環境に害を与えず、社会の持続可能性を重視した消費,4.18,3.18,2022-02-01
消費,3000026,マルチハビテーション（複数拠点に住まいを持つ）,マルチハビテーション,複数拠点に住まいを持つこと,3.09,1.86,2019-06-01
消費,3000026,マルチハビテーション（複数拠点に住まいを持つ）,マルチハビテーション,複数拠点に住まいを持つこと,3.09,2.12,2020-02-01
消費,3000026,マルチハビテーション（複数拠点に住まいを持つ）,マルチハビテーション,複数拠点に住まいを持つこと,3.31,1.94,2020-06-01
消費,3000026,マルチハビテーション（複数拠点に住まいを持つ）,マルチハビテーション,複数拠点に住まいを持つこと,3.56,2.06,2021-02-01
消費,3000026,マルチハビテーション（複数拠点に住まいを持つ）,マルチハビテーション,複数拠点に住まいを持つこと,3.16,2.00,2021-06-01
消費,3000026,マルチハビテーション（複数拠点に住まいを持つ）,マルチハビテーション,複数拠点に住まいを持つこと,3.25,2.14,2022-02-01
消費,3000027,ワーケーション（ワーク×バケーション）,ワーケーション,旅先で働く、ワークとバケーションを組み合わせた造語,3.25,2.30,2019-06-01
消費,3000027,ワーケーション（ワーク×バケーション）,ワーケーション,旅先で働く、ワークとバケーションを組み合わせた造語,2.88,1.85,2020-02-01
消費,3000027,ワーケーション（ワーク×バケーション）,ワーケーション,旅先で働く、ワークとバケーションを組み合わせた造語,3.32,2.03,2020-06-01
消費,3000027,ワーケーション（ワーク×バケーション）,ワーケーション,旅先で働く、ワークとバケーションを組み合わせた造語,3.52,2.27,2021-02-01
消費,3000027,ワーケーション（ワーク×バケーション）,ワーケーション,旅先で働く、ワークとバケーションを組み合わせた造語,3.30,2.15,2021-06-01
消費,3000027,ワーケーション（ワーク×バケーション）,ワーケーション,旅先で働く、ワークとバケーションを組み合わせた造語,3.26,2.41,2022-02-01
消費,3000028,Z世代,Z世代,1996～2010年生まれの世代。その前のミレニアル世代とも異なる価値観や志向を持つ,3.80,2.83,2020-06-01
消費,3000028,Z世代,Z世代,1996～2010年生まれの世代。その前のミレニアル世代とも異なる価値観や志向を持つ,3.76,3.06,2021-02-01
消費,3000028,Z世代,Z世代,1996～2010年生まれの世代。その前のミレニアル世代とも異なる価値観や志向を持つ,3.70,2.89,2021-06-01
消費,3000028,Z世代,Z世代,1996～2010年生まれの世代。その前のミレニアル世代とも異なる価値観や志向を持つ,3.92,3.18,2022-02-01
消費,3000029,巣ごもり消費,巣ごもり消費,新型コロナ禍で生まれた家の中で楽しむ消費,3.65,3.03,2020-06-01
消費,3000029,巣ごもり消費,巣ごもり消費,新型コロナ禍で生まれた家の中で楽しむ消費,3.45,3.15,2021-02-01
消費,3000029,巣ごもり消費,巣ごもり消費,新型コロナ禍で生まれた家の中で楽しむ消費,3.33,3.19,2021-06-01
消費,3000029,巣ごもり消費,巣ごもり消費,新型コロナ禍で生まれた家の中で楽しむ消費,3.28,3.08,2022-02-01
消費,3000030,サーキュラーエコノミー,サーキュラーエコノミー,循環型経済。製品サイクルを可能な限り長く維持し、廃棄物の発生を最小化、再活用するモデル,3.77,2.69,2021-02-01
消費,3000030,サーキュラーエコノミー,サーキュラーエコノミー,循環型経済。製品サイクルを可能な限り長く維持し、廃棄物の発生を最小化、再活用するモデル,3.76,2.71,2021-06-01
消費,3000030,サーキュラーエコノミー,サーキュラーエコノミー,循環型経済。製品サイクルを可能な限り長く維持し、廃棄物の発生を最小化、再活用するモデル,3.95,2.76,2022-02-01
消費,3000031,TikTok売れ,TikTok売れ,TikTokを起点に商品が発見され、爆発的に拡散されることで生まれるヒット,3.00,2.21,2021-06-01
消費,3000031,TikTok売れ,TikTok売れ,TikTokを起点に商品が発見され、爆発的に拡散されることで生まれるヒット,3.26,2.64,2022-02-01
消費,3000032,クリエーターエコノミー,クリエーターエコノミー,個人の情報発信やアクションによって形成される経済圏,3.69,2.34,2022-02-01
消費,3000033,移動ポイント（エコな移動によるポイント獲得）,移動ポイント,移動距離や移動手段に応じてインセンティブが受けられるサービス,3.29,2.21,2022-02-01